日期,股票代码,开盘,最高,最低,收盘,成交量,成交额,换手率,涨跌幅
2023-01-03,sz.002617,9.2400,9.7800,9.2000,9.6300,26533762,251704522.2700,2.051100,4.333700
2023-01-04,sz.002617,9.5800,9.6800,9.4000,9.4500,18699528,177804517.2000,1.445500,-1.869200
2023-01-05,sz.002617,9.4600,9.6100,9.3700,9.4900,15233923,144323356.4900,1.177600,0.423300
2023-01-06,sz.002617,9.4400,9.7200,9.4400,9.5300,25363157,243744486.4200,1.960600,0.421500
2023-01-09,sz.002617,9.6000,9.6800,9.4800,9.5400,18540069,177057259.2400,1.433200,0.104900
2023-01-10,sz.002617,9.7000,10.3000,9.7000,9.9700,56200309,565081983.6600,4.344400,4.507300
2023-01-11,sz.002617,9.8800,10.0800,9.5800,9.6000,39886279,391250408.8800,3.083300,-3.711100
2023-01-12,sz.002617,9.5200,9.6000,9.2700,9.3000,36160147,339295051.0600,2.795200,-3.125000
2023-01-13,sz.002617,9.3300,9.3700,9.2500,9.3400,15816064,147169109.0300,1.222600,0.430100
2023-01-16,sz.002617,9.3000,9.4200,9.2600,9.3300,23653807,221092132.0600,1.828500,-0.107100
2023-01-17,sz.002617,9.4000,9.6900,9.3900,9.4600,30414562,289896181.4700,2.351100,1.393400
2023-01-18,sz.002617,9.4600,9.4900,9.3500,9.4000,20982443,197219025.2800,1.622000,-0.634200
2023-01-19,sz.002617,9.3500,9.4600,9.2800,9.4000,17955296,168505034.0200,1.388000,0.000000
2023-01-20,sz.002617,9.4300,9.5800,9.4100,9.5200,22114540,209907961.8800,1.709500,1.276600
2023-01-30,sz.002617,8.9700,9.1400,8.8000,8.9400,153584513,1370147580.6300,9.521800,-6.092400
2023-01-31,sz.002617,8.8500,8.9900,8.8200,8.9100,49658265,442217723.8400,3.078700,-0.335600
2023-02-01,sz.002617,8.9000,9.3400,8.9000,9.2600,80440320,734125920.1800,4.987100,3.928200
2023-02-02,sz.002617,9.2700,9.6500,9.2100,9.4200,84406858,794315748.9100,5.233000,1.727900
2023-02-03,sz.002617,9.3700,9.4400,9.1000,9.2700,60367400,557884688.2700,3.742600,-1.592400
2023-02-06,sz.002617,9.2700,9.5000,9.2200,9.2900,56857589,532883531.3600,3.525000,0.215700
2023-02-07,sz.002617,9.3000,9.3700,9.2000,9.3700,39564449,367909741.4300,2.452900,0.861100
2023-02-08,sz.002617,9.3700,9.5600,9.3600,9.4800,57527939,544766105.9500,3.566600,1.174000
2023-02-09,sz.002617,9.4000,9.6500,9.3200,9.6300,64691563,617330202.6100,4.010700,1.582300
2023-02-10,sz.002617,9.6000,9.6900,9.4500,9.5100,45451388,433818294.4300,2.817900,-1.246100
2023-02-13,sz.002617,9.4800,9.5100,9.4100,9.4400,45085058,425746330.5600,2.795200,-0.736100
2023-02-14,sz.002617,9.4600,9.5400,9.3600,9.4100,33265569,313922495.9800,2.062400,-0.317800
2023-02-15,sz.002617,9.4200,9.4800,9.3000,9.4500,50177174,470755533.7000,3.110900,0.425100
2023-02-16,sz.002617,9.4200,9.4400,8.9400,9.0600,88885204,816006620.4200,5.510600,-4.127000
2023-02-17,sz.002617,9.0600,9.1000,8.8400,8.9200,56544918,505007181.1900,3.505600,-1.545300
2023-02-20,sz.002617,8.8600,8.9700,8.8100,8.9600,28391064,252680731.0500,1.760200,0.448400
2023-02-21,sz.002617,8.9900,9.1500,8.9500,9.0200,34169339,308545511.5700,2.118400,0.669600
2023-02-22,sz.002617,8.9900,9.0100,8.9200,8.9500,20074484,179840507.6300,1.244600,-0.776100
2023-02-23,sz.002617,8.9700,9.0300,8.9300,8.9500,19581700,175610329.2000,1.214000,0.000000
2023-02-24,sz.002617,8.9800,9.0000,8.9100,8.9200,14645933,130857560.6900,0.908000,-0.335200
2023-02-27,sz.002617,8.9200,9.0900,8.8800,8.9000,16542176,147806809.8600,1.025600,-0.224200
2023-02-28,sz.002617,8.9500,8.9600,8.8400,8.9100,17380170,154603160.4800,1.077500,0.112400
2023-03-01,sz.002617,8.9200,8.9300,8.8700,8.9200,20555573,182957378.1700,1.274400,0.112200
2023-03-02,sz.002617,8.8900,8.9700,8.5800,8.6200,67976714,593642725.4700,4.214400,-3.363200
2023-03-03,sz.002617,8.6200,8.7500,8.5000,8.5900,35619291,306064969.1400,2.208300,-0.348000
2023-03-06,sz.002617,8.5900,8.6800,8.3500,8.6400,45749680,389923511.2000,2.836400,0.582100
2023-03-07,sz.002617,8.6200,8.6300,8.3900,8.4100,31244600,265016061.3500,1.937100,-2.662000
2023-03-08,sz.002617,8.3700,8.5500,8.3500,8.5100,23130206,195667703.6200,1.434000,1.189100
2023-03-09,sz.002617,8.4800,8.6100,8.4600,8.5100,20504975,175122356.5000,1.271300,0.000000
2023-03-10,sz.002617,8.5200,8.5800,8.3800,8.3800,24158362,204292286.9000,1.497800,-1.527600
2023-03-13,sz.002617,8.3200,8.3600,8.0800,8.1900,33832528,276732801.6000,2.097500,-2.267300
2023-03-14,sz.002617,8.1800,8.2300,7.9900,8.1100,28875981,233667120.8000,1.790200,-0.976800
2023-03-15,sz.002617,8.1300,8.3600,8.1300,8.2500,27413502,226713456.9300,1.699600,1.726300
2023-03-16,sz.002617,8.2100,8.2700,8.0400,8.0500,22476330,182977531.1200,1.393500,-2.424200
2023-03-17,sz.002617,8.1100,8.2600,8.0800,8.1300,20367350,165975804.7000,1.262700,0.993800
2023-03-20,sz.002617,8.1300,8.1600,7.9900,8.0500,29597864,238959772.2700,1.835000,-0.984000
2023-03-21,sz.002617,8.0500,8.2900,8.0000,8.2100,33258201,270061161.6100,2.061900,1.987600
2023-03-22,sz.002617,8.2300,8.3300,8.1400,8.3000,26779594,219855840.0600,1.660300,1.096200
2023-03-23,sz.002617,8.2500,8.5700,8.2200,8.4900,56262003,471135023.5000,3.488100,2.289200
2023-03-24,sz.002617,8.4900,8.5400,8.3800,8.4100,33357009,281339742.0600,2.068000,-0.942300
2023-03-27,sz.002617,8.3800,8.5500,8.3000,8.4000,27413122,230528144.1600,1.699500,-0.118900
2023-03-28,sz.002617,8.6100,9.0200,8.6100,8.7900,100219285,885185040.0900,6.213300,4.642900
2023-03-29,sz.002617,8.7500,8.8000,8.5300,8.7700,65265819,565507356.4500,4.046300,-0.227500
2023-03-30,sz.002617,8.7600,8.7600,8.6100,8.6800,32826729,284746892.5300,2.035200,-1.026200
2023-03-31,sz.002617,9.2000,9.4500,9.0600,9.1200,183230396,1697612592.5600,11.359800,5.069100
2023-04-03,sz.002617,9.1200,9.3000,8.9300,9.2000,129493213,1185907854.5200,8.028200,0.877200
2023-04-04,sz.002617,9.1300,9.3600,9.0700,9.1800,91983872,847830356.8900,5.702800,-0.217400
2023-04-06,sz.002617,9.1100,9.5000,9.0500,9.3700,133753060,1247643900.0100,8.292300,2.069700
2023-04-07,sz.002617,9.3700,9.4200,9.1600,9.2200,77873574,719414778.8600,4.828000,-1.600900
2023-04-10,sz.002617,9.1600,9.2500,9.0100,9.0500,57536157,524043694.5800,3.567100,-1.843800
2023-04-11,sz.002617,9.0800,9.1300,8.8300,8.9200,60988240,545732626.4700,3.781100,-1.436500
2023-04-12,sz.002617,8.9500,8.9700,8.7900,8.9200,49597706,440208238.6400,3.074900,0.000000
2023-04-13,sz.002617,8.9100,8.9100,8.6100,8.6200,63110907,551262788.9200,3.912700,-3.363200
2023-04-14,sz.002617,8.7000,8.9200,8.6100,8.8600,57026829,500190798.8100,3.535500,2.784200
2023-04-17,sz.002617,8.9000,9.0500,8.7600,8.7800,41548154,368081970.4400,2.575900,-0.902900
2023-04-18,sz.002617,8.6300,8.6300,8.4000,8.4200,59577095,504264137.3200,3.693600,-4.100200
2023-04-19,sz.002617,8.2600,8.3900,8.2500,8.2800,41070206,341342893.0400,2.546200,-1.662700
2023-04-20,sz.002617,8.2800,8.3400,8.1300,8.1500,41705983,342047784.4300,2.585700,-1.570000
2023-04-21,sz.002617,8.1800,8.2000,7.7500,7.7700,68518418,544003663.4400,4.248000,-4.662600
2023-04-24,sz.002617,7.7700,7.7700,7.5300,7.5800,40401393,307868383.3700,2.504800,-2.445300
2023-04-25,sz.002617,7.6000,7.6700,7.2500,7.3600,42233814,312565069.0400,2.618400,-2.902400
2023-04-26,sz.002617,7.3900,7.5800,7.3300,7.5100,34751903,260178866.9300,2.154500,2.038000
2023-04-27,sz.002617,7.4800,7.5800,7.4600,7.4900,28929038,217643242.2500,1.793500,-0.266300
2023-04-28,sz.002617,7.5000,7.7400,7.4900,7.6900,29949901,228704302.9700,1.856800,2.670200
2023-05-04,sz.002617,7.6600,7.9300,7.6100,7.8100,31250769,244433471.2400,1.937500,1.560500
2023-05-05,sz.002617,7.7800,7.8100,7.5900,7.6200,26459788,202355536.0200,1.640400,-2.432800
2023-05-08,sz.002617,7.4600,7.6200,7.3400,7.4800,28313554,212469627.5300,1.755400,-1.837300
2023-05-09,sz.002617,7.4700,7.5200,7.3200,7.3500,30722485,227765163.0500,1.640400,-1.738000
2023-05-10,sz.002617,7.3300,7.4400,7.3000,7.3600,31131238,229111879.2100,1.662200,0.136100
2023-05-11,sz.002617,7.0600,7.4500,6.8600,7.2100,70039152,496691350.4000,3.739600,-2.038000
2023-05-12,sz.002617,7.1900,7.3100,7.0000,7.0000,34184242,243119398.2500,1.825200,-2.912600
2023-05-15,sz.002617,6.9600,7.0600,6.8900,7.0300,28339317,197813432.8800,1.513100,0.428600
2023-05-16,sz.002617,7.0500,7.1600,6.9600,7.0100,29530000,207955907.0000,1.576700,-0.284500
2023-05-17,sz.002617,6.9800,7.1500,6.9600,7.1100,27791287,196754608.3500,1.483900,1.426500
2023-05-18,sz.002617,7.1000,7.1400,6.9900,7.0300,26121998,184178736.8200,1.394700,-1.125200
2023-05-19,sz.002617,7.0400,7.1200,7.0000,7.1000,26551279,187871622.3100,1.417700,0.995700
2023-05-22,sz.002617,7.1000,7.1700,7.0500,7.1300,29509360,209799894.4100,1.575600,0.422500
2023-05-23,sz.002617,7.1100,7.1400,7.0300,7.0300,22374202,158426340.2700,1.194600,-1.402500
2023-05-24,sz.002617,7.0300,7.2300,7.0000,7.1100,30026491,213751608.7700,1.603200,1.138000
2023-05-25,sz.002617,7.0900,7.2200,7.0300,7.1600,38272263,272783983.5800,2.043500,0.703200
2023-05-26,sz.002617,7.1600,7.1800,6.9900,7.0500,27747623,195545890.1300,1.481500,-1.536300
2023-05-29,sz.002617,7.0500,7.0600,6.7800,6.8500,44948839,309701288.7100,2.400000,-2.836900
2023-05-30,sz.002617,6.8200,6.9500,6.7800,6.9500,29541245,202922617.3000,1.577300,1.459900
2023-05-31,sz.002617,6.9000,7.0000,6.8800,6.9500,20849250,144953850.4400,1.113200,0.000000
2023-06-01,sz.002617,6.9500,7.0700,6.8500,7.0100,27201095,189943531.9500,1.452400,0.863300
2023-06-02,sz.002617,7.0600,7.2700,7.0100,7.2300,41826376,299930801.4100,2.233300,3.138400
2023-06-05,sz.002617,7.2400,7.3000,7.1700,7.1800,25743969,185871706.6300,1.374600,-0.691600
2023-06-06,sz.002617,7.2000,7.2000,7.0300,7.0600,24575203,174472844.7200,1.312200,-1.671300
2023-06-07,sz.002617,7.0600,7.1100,7.0100,7.0400,17598512,124057062.7400,0.939600,-0.283300
2023-06-08,sz.002617,7.1100,7.1100,6.9700,7.0200,19921734,140139559.5200,1.063700,-0.284100
2023-06-09,sz.002617,7.0000,7.1400,6.9500,7.1200,32912968,232711659.9500,1.757300,1.424500
2023-06-12,sz.002617,7.1200,7.3600,7.0800,7.2400,36731551,265929278.4800,1.961200,1.685400
2023-06-13,sz.002617,7.2300,7.3900,7.1900,7.3700,33066193,242165388.6400,1.765500,1.795600
2023-06-14,sz.002617,7.3500,7.3600,7.1800,7.2000,32967305,238656353.0700,1.760200,-2.306600
2023-06-15,sz.002617,7.2000,7.3400,7.1700,7.3200,33848841,246686241.5300,1.807300,1.666700
2023-06-16,sz.002617,7.3200,7.3200,7.2400,7.3000,23452874,170834815.0700,1.252200,-0.273200
2023-06-19,sz.002617,7.3100,7.3200,7.2300,7.2300,20136514,146227625.2000,1.075200,-0.958900
2023-06-20,sz.002617,7.2100,7.2500,7.1400,7.1600,19355950,139005013.6300,1.033500,-0.968200
2023-06-21,sz.002617,7.1900,7.2000,7.0200,7.0200,23265126,165072281.9900,1.242200,-1.955300
2023-06-26,sz.002617,7.0000,7.1200,6.9200,6.9900,24676255,172904211.2300,1.317600,-0.427400
2023-06-27,sz.002617,7.0000,7.1900,6.9600,7.0900,23576974,166824709.5700,1.258900,1.430600
2023-06-28,sz.002617,7.6800,7.8000,7.5600,7.8000,57188438,443076515.7800,3.053500,10.014100
2023-06-29,sz.002617,8.1700,8.3400,8.0200,8.0700,247909567,2024353427.5600,13.236800,3.461500
2023-06-30,sz.002617,8.0300,8.1100,7.8500,7.8800,133508705,1062682389.3300,7.128500,-2.354400
2023-07-03,sz.002617,7.8800,8.1900,7.8800,8.0300,124912894,1008638123.4100,6.669500,1.903600
2023-07-04,sz.002617,8.1000,8.2800,8.0100,8.1000,107357463,872823629.9800,5.732200,0.871700
2023-07-05,sz.002617,7.9900,8.0700,7.8800,7.9100,73674780,586966667.3600,3.933800,-2.345700
2023-07-06,sz.002617,8.1000,8.2500,7.9500,7.9700,70887476,571438939.9100,3.784900,0.758500
2023-07-07,sz.002617,7.9500,8.0300,7.8600,7.8900,56298444,447444708.2300,2.976500,-1.003800
2023-07-10,sz.002617,7.9500,8.0300,7.8800,7.9100,46312606,367387415.3600,2.448500,0.253500
2023-07-11,sz.002617,7.9400,7.9400,7.7400,7.8100,58815405,458022896.1200,3.109500,-1.264200
2023-07-12,sz.002617,7.8000,7.8100,7.6600,7.6800,45860495,354249205.9300,2.424600,-1.664500
2023-07-13,sz.002617,7.7100,7.8100,7.7100,7.7300,36179871,280336427.9600,1.912800,0.651000
2023-07-14,sz.002617,7.6800,7.7300,7.6100,7.6200,38770404,296680546.6100,2.049800,-1.423000
2023-07-17,sz.002617,7.5800,7.6000,7.4300,7.5300,35706203,267928723.1600,1.887800,-1.181100
2023-07-18,sz.002617,7.5000,7.8400,7.4700,7.7200,67826019,521037994.8700,3.585900,2.523200
2023-07-19,sz.002617,7.6500,7.7000,7.5400,7.5800,29855746,227063290.7600,1.578500,-1.813500
2023-07-20,sz.002617,7.5500,7.6300,7.4500,7.4600,28090858,211720254.1000,1.485100,-1.583100
2023-07-21,sz.002617,7.4400,7.5000,7.3800,7.4000,22176566,164836637.0600,1.172500,-0.804300
2023-07-24,sz.002617,7.3900,7.4600,7.3000,7.3600,18236919,134635193.9800,0.964200,-0.540500
2023-07-25,sz.002617,7.4100,7.5600,7.4000,7.5500,31422374,235254812.1100,1.661300,2.581500
2023-07-26,sz.002617,7.5000,7.5100,7.3700,7.3900,26496066,196591701.1800,1.400800,-2.119200
2023-07-27,sz.002617,7.4000,7.4400,7.2600,7.2800,23084654,169467199.6700,1.220500,-1.488500
2023-07-28,sz.002617,7.2600,7.4000,7.2100,7.3700,24705768,180784175.5100,1.306200,1.236300
2023-07-31,sz.002617,7.3600,7.4700,7.3400,7.4500,21380844,158820971.4200,1.130400,1.085500
2023-08-01,sz.002617,7.4400,7.4900,7.3800,7.4700,20592316,153231368.7000,1.088700,0.268500
2023-08-02,sz.002617,7.4700,7.5100,7.4000,7.4200,16134000,119928394.0000,0.853000,-0.669300
2023-08-03,sz.002617,7.3000,7.4200,7.2100,7.4000,24773863,182251684.6400,1.309800,-0.269500
2023-08-04,sz.002617,7.3900,7.4700,7.3800,7.4000,21739690,161118829.8900,1.149400,0.000000
2023-08-07,sz.002617,7.3700,7.4300,7.3600,7.3700,15072564,111245529.2000,0.796900,-0.405400
2023-08-08,sz.002617,7.3800,7.4200,7.2800,7.3300,19770521,145020848.4300,1.045300,-0.542700
2023-08-09,sz.002617,7.2900,7.3400,7.2600,7.2900,12530500,91377206.0000,0.662500,-0.545700
2023-08-10,sz.002617,7.2500,7.3300,7.2400,7.2400,14215800,103401807.0000,0.751600,-0.685900
2023-08-11,sz.002617,7.2500,7.2700,7.0700,7.0700,28299162,202299840.3000,1.496200,-2.348100
2023-08-14,sz.002617,7.0100,7.1200,6.9600,7.1100,21607239,151922984.1900,1.142400,0.565800
2023-08-15,sz.002617,7.1200,7.1200,6.9400,7.0100,19197095,134541684.0500,1.014900,-1.406500
2023-08-16,sz.002617,6.9800,7.0500,6.9500,6.9600,13456372,94197409.9500,0.711400,-0.713300
2023-08-17,sz.002617,6.9200,7.0400,6.8500,7.0300,16632746,115820406.8800,0.879400,1.005700
2023-08-18,sz.002617,7.0400,7.0500,6.9100,6.9200,15650305,109225072.6700,0.827400,-1.564700
2023-08-21,sz.002617,6.9200,6.9600,6.8700,6.8700,13420580,92812821.6000,0.709500,-0.722500
2023-08-22,sz.002617,6.8800,6.9500,6.7100,6.8700,21639439,147665943.0800,1.144100,0.000000
2023-08-23,sz.002617,6.8700,6.9200,6.7700,6.8500,16459907,112643254.9600,0.870200,-0.291100
2023-08-24,sz.002617,6.7600,6.8000,6.3800,6.5200,49909711,325341840.0100,2.638700,-4.817500
2023-08-25,sz.002617,6.5000,6.5500,6.3500,6.4300,27487407,177385952.7300,1.453200,-1.380400
2023-08-28,sz.002617,6.7900,6.8300,6.4800,6.5200,36151748,240043018.0900,1.911300,1.399700
2023-08-29,sz.002617,6.5500,6.7400,6.5000,6.7300,27838778,185319193.2200,1.471800,3.220900
2023-08-30,sz.002617,6.7500,6.9400,6.7400,6.8000,28509074,194877159.8700,1.507300,1.040100
2023-08-31,sz.002617,6.7700,6.8000,6.7300,6.7500,15503418,104792433.5300,0.819700,-0.735300
2023-09-01,sz.002617,6.7600,6.8200,6.7000,6.7300,12726637,85802730.4000,0.672800,-0.296300
2023-09-04,sz.002617,6.7400,6.8500,6.7200,6.8500,19910221,135242410.9600,1.052600,1.783100
2023-09-05,sz.002617,6.8500,6.8900,6.8100,6.8800,18592161,127533225.5100,0.983000,0.438000
2023-09-06,sz.002617,6.8500,7.0200,6.8000,7.0000,27532886,191162754.6300,1.455600,1.744200
2023-09-07,sz.002617,6.9300,6.9700,6.7800,6.7800,24884588,170710162.1700,1.315600,-3.142900
2023-09-08,sz.002617,6.7300,6.8400,6.7000,6.7800,13152955,89286693.4500,0.695400,0.000000
2023-09-11,sz.002617,6.7800,6.8400,6.7200,6.8000,17764508,120713877.0800,0.939200,0.295000
2023-09-12,sz.002617,6.7900,6.8300,6.7700,6.8100,12782822,86920843.6500,0.675800,0.147100
2023-09-13,sz.002617,6.7900,6.8000,6.6600,6.7100,19864758,133327951.1600,1.050200,-1.468400
2023-09-14,sz.002617,6.7100,6.7200,6.6000,6.6300,14697293,97832458.8000,0.777000,-1.192300
2023-09-15,sz.002617,6.6600,6.7000,6.5700,6.6200,13806928,91472717.7900,0.730000,-0.150800
2023-09-18,sz.002617,6.5900,6.7200,6.5400,6.6400,14080500,93622728.0000,0.744400,0.302100
2023-09-19,sz.002617,6.6400,6.6400,6.4700,6.4900,17835449,116267362.4800,0.942900,-2.259000
2023-09-20,sz.002617,6.4500,6.5300,6.4200,6.4200,11035150,71377501.5000,0.583400,-1.078600
2023-09-21,sz.002617,6.4200,6.4600,6.3600,6.3600,12631921,80844280.7900,0.667800,-0.934600
2023-09-22,sz.002617,6.3500,6.5000,6.3300,6.4900,18371839,118156863.9400,0.971300,2.044000
2023-09-25,sz.002617,6.4800,6.5000,6.2600,6.2900,30412271,192461899.8500,1.607900,-3.081700
2023-09-26,sz.002617,6.2800,6.4100,6.2000,6.3400,25423707,160138978.2400,1.344100,0.794900
2023-09-27,sz.002617,6.8300,6.9700,6.8300,6.9700,50816898,352452604.1900,2.686700,9.936900
2023-09-28,sz.002617,6.9800,7.1200,6.8100,6.9100,125174187,873043013.2400,6.617900,-0.860800
2023-10-09,sz.002617,6.8600,7.0800,6.8400,6.9900,58782814,410508416.8600,3.107800,1.157700
2023-10-10,sz.002617,7.0000,7.0400,6.9300,6.9900,38820104,271029925.6300,2.052400,0.000000
2023-10-11,sz.002617,7.0300,7.1300,6.9900,7.0800,48887835,345621037.0100,2.584700,1.287600
2023-10-12,sz.002617,7.0600,7.0800,7.0100,7.0400,39375998,277374206.9400,2.081800,-0.565000
2023-10-13,sz.002617,7.0000,7.0800,6.9300,6.9700,30566373,213482224.1200,1.616000,-0.994300
2023-10-16,sz.002617,6.9400,6.9600,6.7400,6.7800,29193313,198906762.8000,1.543400,-2.726000
2023-10-17,sz.002617,6.8000,6.8000,6.6800,6.7200,17924507,120484705.9900,0.947700,-0.885000
2023-10-18,sz.002617,6.7100,6.7200,6.5400,6.5500,20445103,135079571.5700,1.080900,-2.529800
2023-10-19,sz.002617,6.5100,6.6800,6.5000,6.5600,24281551,160501964.9800,1.283800,0.152700
2023-10-20,sz.002617,6.5000,6.6800,6.3500,6.5400,24440439,160846355.6800,1.292200,-0.304900
2023-10-23,sz.002617,6.5700,6.5800,6.3000,6.3500,24234550,155227686.9500,1.281300,-2.905200
2023-10-24,sz.002617,6.3900,6.4500,6.2800,6.4300,25023690,159538205.1800,1.323000,1.259800
2023-10-25,sz.002617,6.4500,6.5800,6.4300,6.5100,21136677,137717776.9300,1.117500,1.244200
2023-10-26,sz.002617,6.4700,6.6200,6.3800,6.6100,32249901,210029715.3700,1.705000,1.536100
2023-10-27,sz.002617,6.5800,6.7600,6.5100,6.7100,32131896,213500104.8500,1.698800,1.512900
2023-10-30,sz.002617,6.7000,6.8600,6.6700,6.8600,30074900,204209951.0000,1.590000,2.235500
2023-10-31,sz.002617,6.8500,6.8800,6.6800,6.7200,28085062,189557406.8800,1.484800,-2.040800
2023-11-01,sz.002617,6.7600,6.8100,6.6900,6.7100,18625595,125485541.4500,0.984700,-0.148800
2023-11-02,sz.002617,6.7300,6.7400,6.6100,6.6100,18260663,121608914.9700,0.965400,-1.490300
2023-11-03,sz.002617,6.6100,6.7600,6.6000,6.7400,20552458,137852279.7000,1.086600,1.966700
2023-11-06,sz.002617,6.7600,6.8900,6.7500,6.8700,29543111,202550754.2500,1.561900,1.928800
2023-11-07,sz.002617,6.8600,6.9300,6.8200,6.9000,21955340,151317346.8100,1.160800,0.436700
2023-11-08,sz.002617,6.9000,6.9000,6.7900,6.8500,22449505,153674792.1200,1.186900,-0.724600
2023-11-09,sz.002617,6.8500,6.9000,6.7900,6.8000,18946400,129446338.0000,1.001700,-0.729900
2023-11-10,sz.002617,6.8200,6.8600,6.7600,6.7900,15935850,108430669.5000,0.842500,-0.147100
2023-11-13,sz.002617,6.8100,6.9200,6.8000,6.9000,23233999,159728090.2400,1.228400,1.620000
2023-11-14,sz.002617,6.9000,6.9400,6.8500,6.9300,21483079,148382838.6800,1.135800,0.434800
2023-11-15,sz.002617,6.9800,7.0200,6.9400,6.9600,28986226,202339442.3800,1.532500,0.432900
2023-11-16,sz.002617,6.9200,6.9400,6.8600,6.8700,21597196,148935167.0600,1.141800,-1.293100
2023-11-17,sz.002617,6.8500,6.9300,6.8400,6.9100,16762192,115524928.0400,0.886200,0.582200
2023-11-20,sz.002617,6.9100,6.9600,6.8800,6.9500,17969103,124470341.6700,0.950000,0.578900
2023-11-21,sz.002617,6.9400,7.0700,6.8500,6.8600,40711084,282559527.0900,2.152400,-1.295000
2023-11-22,sz.002617,6.8200,6.8900,6.7200,6.7200,25179200,170674028.0000,1.331200,-2.040800
2023-11-23,sz.002617,6.7000,6.7900,6.6700,6.7700,15842606,106930244.2000,0.837600,0.744000
2023-11-24,sz.002617,6.7600,6.7600,6.6300,6.6500,17833500,119043401.0000,0.942800,-1.772500
2023-11-27,sz.002617,6.6500,6.7000,6.6000,6.6200,15299569,101430408.1600,0.808900,-0.451100
2023-11-28,sz.002617,6.6200,6.7200,6.5900,6.7000,17216318,114981405.1400,0.910200,1.208500
2023-11-29,sz.002617,6.6600,7.2900,6.6600,6.9700,107139944,754477101.9800,5.664400,4.029900
2023-11-30,sz.002617,6.8500,6.9800,6.6900,6.7800,63295546,432296303.0200,3.346400,-2.726000
2023-12-01,sz.002617,6.6400,6.7100,6.5000,6.6700,40441644,268830073.0900,2.138100,-1.622400
2023-12-04,sz.002617,6.6500,6.6600,6.5400,6.5500,30932025,203564108.0500,1.635400,-1.799100
2023-12-05,sz.002617,6.4700,6.5500,6.4200,6.4200,23686011,153381368.0600,1.252300,-1.984700
2023-12-06,sz.002617,6.4100,6.5300,6.4000,6.5000,19008477,123454162.8400,1.005000,1.246100
2023-12-07,sz.002617,6.5000,6.5000,6.3900,6.4100,20995098,134812702.2000,1.110000,-1.384600
2023-12-08,sz.002617,6.4100,6.4500,6.3400,6.3400,20547730,130985862.3000,1.086300,-1.092000
2023-12-11,sz.002617,6.3300,6.4200,6.2800,6.4200,19529239,124194950.4700,1.032500,1.261800
2023-12-12,sz.002617,6.3800,6.4400,6.3700,6.4100,13964022,89406917.8200,0.738300,-0.155800
2023-12-13,sz.002617,6.4200,6.4400,6.3500,6.3600,16299696,104123525.4600,0.861800,-0.780000
2023-12-14,sz.002617,6.3900,6.4200,6.3200,6.3200,14419793,91798574.4100,0.762400,-0.628900
2023-12-15,sz.002617,6.3300,6.3800,6.2600,6.2800,16754600,105743082.0000,0.885800,-0.632900
2023-12-18,sz.002617,6.2800,6.3000,6.1300,6.1400,24513424,151861541.3600,1.296000,-2.229300
2023-12-19,sz.002617,6.1500,6.2200,6.1100,6.1500,14400374,88665117.5800,0.761300,0.162900
2023-12-20,sz.002617,6.1600,6.1700,6.0000,6.0000,18376362,111421293.0000,0.971500,-2.439000
2023-12-21,sz.002617,5.9800,6.0500,5.8900,6.0400,24409276,145628870.2000,1.290500,0.666700
2023-12-22,sz.002617,6.0400,6.0500,5.9100,5.9800,18366198,109829450.1200,0.971000,-0.993400
2023-12-25,sz.002617,5.9900,6.0900,5.9600,6.0500,13454400,81076512.0000,0.711300,1.170600
2023-12-26,sz.002617,6.0100,6.0400,5.9400,5.9600,13901847,83152236.4200,0.735000,-1.487600
2023-12-27,sz.002617,5.9900,6.0000,5.9200,5.9500,11909119,70932625.5500,0.629600,-0.167800
2023-12-28,sz.002617,5.9500,6.2200,5.9200,6.1800,36498914,223317757.1400,1.929700,3.865500
2023-12-29,sz.002617,6.1800,6.2100,6.1500,6.2000,21193684,131026286.8100,1.120500,0.323600
2024-01-02,sz.002617,6.1900,6.2200,6.1700,6.1700,14179446,87834374.5800,0.749700,-0.483900
2024-01-03,sz.002617,6.1600,6.2000,6.1000,6.1500,14115462,86700598.6800,0.746300,-0.324100
2024-01-04,sz.002617,6.1600,6.1600,6.0500,6.0700,12510781,76163748.5100,0.661400,-1.300800
2024-01-05,sz.002617,6.0800,6.1300,5.9500,5.9700,14965907,90175747.9300,0.791200,-1.647400
2024-01-08,sz.002617,5.9400,5.9900,5.8500,5.8600,17643766,104302381.0200,0.932800,-1.842500
2024-01-09,sz.002617,5.8800,5.9900,5.8400,5.9000,16554524,97808303.5400,0.875200,0.682600
2024-01-10,sz.002617,5.8900,5.9800,5.7800,5.9100,16389056,96588361.0000,0.866500,0.169500
2024-01-11,sz.002617,5.8800,6.0300,5.8700,6.0100,16399477,97927061.2300,0.867000,1.692000
2024-01-12,sz.002617,5.9800,6.0900,5.9800,6.0000,16291993,98324264.5000,0.861300,-0.166400
2024-01-15,sz.002617,5.9600,6.0400,5.9300,5.9900,12697558,76061763.3300,0.671300,-0.166700
2024-01-16,sz.002617,5.9700,6.0500,5.8900,6.0100,16471670,98315595.8800,0.870800,0.333900
2024-01-17,sz.002617,6.0000,6.0000,5.8300,5.8300,13267580,78437160.4000,0.701400,-2.995000
2024-01-18,sz.002617,5.8000,5.8300,5.5900,5.7700,25597766,146048355.0100,1.353300,-1.029200
2024-01-19,sz.002617,5.7700,5.8400,5.6700,5.6700,14487642,83134497.4200,0.766000,-1.733100
2024-01-22,sz.002617,5.6700,5.6900,5.2300,5.2600,22571875,123358320.7800,1.193400,-7.231000
2024-01-23,sz.002617,5.3000,5.4600,5.2200,5.4400,25686820,138007919.0700,1.358000,3.422100
2024-01-24,sz.002617,5.4700,5.5200,5.2500,5.4800,19977667,107794400.1100,1.056200,0.735300
2024-01-25,sz.002617,5.4800,5.6000,5.4200,5.6000,17723685,98269229.0500,0.937000,2.189800
2024-01-26,sz.002617,5.5900,5.6200,5.5300,5.5600,14733000,82235433.0000,0.778900,-0.714300
2024-01-29,sz.002617,5.5600,5.6100,5.4000,5.4200,15734412,86136394.5200,0.831900,-2.518000
2024-01-30,sz.002617,5.3800,5.8100,5.3200,5.5800,38151066,212308178.7800,2.017000,2.952000
2024-01-31,sz.002617,5.4600,5.5400,5.1300,5.1400,36636816,194938937.5300,1.937000,-7.885300
2024-02-01,sz.002617,5.0600,5.4700,4.9300,5.1400,32505092,168020769.7600,1.718500,0.000000
2024-02-02,sz.002617,5.1000,5.2500,4.6500,4.8200,45028634,219858525.6300,2.380600,-6.225700
2024-02-05,sz.002617,4.7800,4.7800,4.3400,4.3500,41970492,189346671.9000,2.219000,-9.751000
2024-02-06,sz.002617,4.3500,4.7800,4.3100,4.7400,50230432,232150084.1300,2.655700,8.965500
2024-02-07,sz.002617,4.6700,5.0400,4.6700,4.9400,44244642,218040608.9400,2.339200,4.219400
2024-02-08,sz.002617,5.0300,5.2900,4.9900,5.1900,39922298,208315558.5600,2.110700,5.060700
2024-02-19,sz.002617,5.3100,5.3400,5.1000,5.1700,29130015,151450235.8100,1.540100,-0.385400
2024-02-20,sz.002617,5.1800,5.1800,5.0600,5.1300,19574296,99941077.3700,1.034900,-0.773700
2024-02-21,sz.002617,5.1000,5.3800,5.0600,5.2100,32021600,167783033.0000,1.693000,1.559500
2024-02-22,sz.002617,5.2000,5.3000,5.1900,5.2700,20285306,106612421.5000,1.072500,1.151600
2024-02-23,sz.002617,5.2900,5.4200,5.2500,5.4000,30127788,160575655.2600,1.592800,2.466800
2024-02-26,sz.002617,5.4400,5.5600,5.3700,5.4800,31141995,169909931.9200,1.646500,1.481500
2024-02-27,sz.002617,5.4300,5.6700,5.4100,5.6700,29150931,162091663.3500,1.541200,3.467200
2024-02-28,sz.002617,5.7000,5.8300,5.3400,5.3400,49688850,279312962.5000,2.627000,-5.820100
2024-02-29,sz.002617,5.3600,5.6000,5.3400,5.6000,34510104,190212604.3200,1.824500,4.868900
2024-03-01,sz.002617,5.6000,5.9500,5.5900,5.7800,67382123,388354381.0500,3.562500,3.214300
2024-03-04,sz.002617,5.7700,5.8200,5.5700,5.6800,39999433,227329059.4400,2.114700,-1.730100
2024-03-05,sz.002617,5.6400,5.6800,5.5500,5.5800,28368104,158885046.3200,1.499800,-1.760600
2024-03-06,sz.002617,5.5500,5.7500,5.5300,5.6600,29528704,166260099.6000,1.561200,1.433700
2024-03-07,sz.002617,5.6600,5.7000,5.5300,5.5300,27509704,154218282.7600,1.454400,-2.296800
2024-03-08,sz.002617,5.5300,5.6200,5.5100,5.5800,17049600,94948529.0000,0.901400,0.904200
2024-03-11,sz.002617,5.6100,5.7500,5.5800,5.7400,31477958,179036420.9600,1.664200,2.867400
2024-03-12,sz.002617,5.7500,5.8200,5.7100,5.7600,27270709,157078520.8300,1.441800,0.348400
2024-03-13,sz.002617,5.7600,5.8200,5.7200,5.8200,25421003,146878192.0400,1.344000,1.041700
2024-03-14,sz.002617,5.8200,5.8300,5.6800,5.7400,24394543,140419495.5100,1.289700,-1.374600
2024-03-15,sz.002617,5.7200,5.8000,5.6900,5.8000,18308503,105471491.1300,0.968000,1.045300
2024-03-18,sz.002617,5.8200,5.9100,5.8200,5.9100,27255831,159629710.9300,1.441000,1.896600
2024-03-19,sz.002617,5.9100,5.9500,5.8600,5.8600,21411439,126435295.6700,1.132000,-0.846000
2024-03-20,sz.002617,5.8600,5.9300,5.8600,5.8900,17939342,105692874.8200,0.948400,0.511900
2024-03-21,sz.002617,5.8800,5.9300,5.8100,5.8400,23673298,138769307.2400,1.251600,-0.848900
2024-03-22,sz.002617,5.8900,5.9100,5.7200,5.7400,23365153,135218174.8100,1.235300,-1.712300
2024-03-25,sz.002617,5.7200,5.7800,5.6100,5.6100,22154658,126176451.1900,1.171300,-2.264800
2024-03-26,sz.002617,5.6100,5.7100,5.5600,5.6500,21786052,122641494.2800,1.151800,0.713000
2024-03-27,sz.002617,5.6500,5.6600,5.3700,5.3800,23372621,128584618.0800,1.235700,-4.778800
2024-03-28,sz.002617,5.3800,5.6000,5.3600,5.4600,20867597,114388960.3400,1.103300,1.487000
2024-03-29,sz.002617,5.4800,5.5200,5.4000,5.4800,14504152,79077159.4400,0.766800,0.366300
2024-04-01,sz.002617,5.4800,5.7800,5.4800,5.7700,32512664,184376003.6500,1.718900,5.292000
2024-04-02,sz.002617,5.7700,5.7900,5.6400,5.7400,18717466,106926907.5200,0.989600,-0.519900
2024-04-03,sz.002617,5.7100,5.7300,5.6400,5.7000,16879604,95822887.6600,0.892400,-0.696900
2024-04-08,sz.002617,5.7100,5.7400,5.5500,5.5500,19321704,108433145.1400,1.021500,-2.631600
2024-04-09,sz.002617,5.5500,5.7400,5.5400,5.7200,21677528,123303981.9600,1.146100,3.063100
2024-04-10,sz.002617,5.6800,5.7200,5.5200,5.5800,20418049,114067020.7400,1.079500,-2.447600
2024-04-11,sz.002617,5.5600,5.6700,5.5100,5.6100,17886900,100487555.0000,0.945700,0.537600
2024-04-12,sz.002617,5.5700,5.6300,5.4600,5.4700,16517800,91182183.0000,0.873300,-2.495500
2024-04-15,sz.002617,5.4800,5.8800,5.2900,5.5800,64023428,358479627.1700,3.384900,2.011000
2024-04-16,sz.002617,5.4700,5.5500,5.1400,5.1500,44005242,233020159.6000,2.326500,-7.706100
2024-04-17,sz.002617,5.2000,5.4800,5.2000,5.4700,35928402,193209131.5400,1.899500,6.213600
2024-04-18,sz.002617,5.7500,5.8100,5.5400,5.5700,49419651,277928884.8400,2.612800,1.828200
2024-04-19,sz.002617,5.4800,5.6400,5.4600,5.5600,36601107,203720494.0100,1.935100,-0.179500
2024-04-22,sz.002617,5.4900,5.6100,5.4400,5.5300,21575751,119292575.5800,1.140700,-0.539600
2024-04-23,sz.002617,5.5200,5.5800,5.4600,5.5000,16155364,89092491.1500,0.854100,-0.542500
2024-04-24,sz.002617,5.5000,5.6400,5.4500,5.6000,23433244,130001440.1800,1.238900,1.818200
2024-04-25,sz.002617,5.5600,5.6500,5.5300,5.6100,19546730,109427541.7000,1.033400,0.178600
2024-04-26,sz.002617,5.6300,5.8000,5.5900,5.7700,40146889,230252595.8200,2.122500,2.852000
2024-04-29,sz.002617,5.7800,5.9300,5.7800,5.9300,40857332,240415649.5300,2.160100,2.773000
2024-04-30,sz.002617,5.9300,5.9400,5.8200,5.8600,25167195,147778538.6000,1.330600,-1.180400
2024-05-06,sz.002617,5.9300,6.0200,5.9100,5.9300,37641911,224436267.3100,1.990100,1.194500
2024-05-07,sz.002617,5.9000,5.9400,5.8500,5.8800,23979450,141163752.5000,1.267800,-0.843200
2024-05-08,sz.002617,5.8800,5.8900,5.7400,5.7600,22851405,132617759.7000,1.208100,-2.040800
2024-05-09,sz.002617,5.7700,5.8900,5.7600,5.8600,23876250,139585802.0000,1.262300,1.736100
2024-05-10,sz.002617,6.0000,6.0000,5.8100,5.8700,31060495,182754529.4500,1.642100,0.170600
2024-05-13,sz.002617,5.8100,5.8300,5.7300,5.7500,25083834,144801114.2300,1.326200,-2.044300
2024-05-14,sz.002617,5.7100,5.8100,5.7000,5.7300,15207182,87410387.9600,0.804000,-0.347800
2024-05-15,sz.002617,5.7100,5.7500,5.6300,5.6400,17198110,97558401.0000,0.909300,-1.570700
2024-05-16,sz.002617,5.6300,5.6800,5.5800,5.5800,15655153,88113634.7400,0.827700,-1.063800
2024-05-17,sz.002617,5.5700,5.6900,5.5300,5.6800,16878067,94905517.8600,0.892300,1.792100
2024-05-20,sz.002617,5.6700,5.7400,5.6500,5.6600,15427317,87721638.9900,0.815600,-0.352100
2024-05-21,sz.002617,5.6400,5.6500,5.5300,5.5600,18760334,104399976.7000,0.991800,-1.766800
2024-05-22,sz.002617,5.5700,5.7100,5.5400,5.6800,26767162,150805673.7200,1.415200,2.158300
2024-05-23,sz.002617,5.6800,5.6800,5.4400,5.4600,27062050,149366767.0000,1.430800,-3.873200
2024-05-24,sz.002617,5.4800,5.5400,5.4500,5.4500,14661449,80548025.5200,0.775100,-0.183200
2024-05-27,sz.002617,5.4400,5.5100,5.3800,5.5000,15498730,84324246.5000,0.819400,0.917400
2024-05-28,sz.002617,5.5000,5.7300,5.4600,5.5300,32280409,180982500.9500,1.706600,0.545500
2024-05-29,sz.002617,5.4300,5.6300,5.4100,5.5200,22882453,127007676.1100,1.209800,-0.180800
2024-05-30,sz.002617,5.4700,5.5300,5.4200,5.4700,16645510,91010230.6000,0.880000,-0.905800
2024-05-31,sz.002617,5.4700,5.5400,5.4700,5.5200,14037735,77384064.1500,0.742200,0.914100
2024-06-03,sz.002617,5.5200,5.5600,5.3500,5.3800,21290335,115259716.0500,1.125600,-2.536200
2024-06-04,sz.002617,5.3500,5.4000,5.2500,5.3600,14209650,75637456.0000,0.751300,-0.371700
2024-06-05,sz.002617,5.3600,5.4100,5.2600,5.2700,11661169,62231605.9700,0.616500,-1.679100
2024-06-06,sz.002617,5.2500,5.4100,5.0800,5.1200,26702941,138607743.7200,1.411800,-2.846300
2024-06-07,sz.002617,5.1500,5.2100,5.0800,5.1500,16916312,87224192.8000,0.894400,0.585900
2024-06-11,sz.002617,5.1600,5.2800,5.0700,5.2700,18127835,94431564.4300,0.958400,2.330100
2024-06-12,sz.002617,5.2800,5.3200,5.2400,5.2500,14986649,78936041.2300,0.792300,-0.379500
2024-06-13,sz.002617,5.2500,5.2800,5.1900,5.2000,14940500,78000162.0000,0.789900,-0.952400
2024-06-14,sz.002617,5.1800,5.2200,5.1200,5.1800,18173092,93945107.2900,0.960800,-0.384600
2024-06-17,sz.002617,5.2000,5.2100,5.1200,5.1800,19212150,99496573.0000,1.015700,0.000000
2024-06-18,sz.002617,5.1700,5.2900,5.1500,5.2800,16851900,88516879.0000,0.890900,1.930500
2024-06-19,sz.002617,5.3000,5.3100,5.1900,5.1900,14828200,77481973.0000,0.784000,-1.704500
2024-06-20,sz.002617,5.1900,5.2200,5.0100,5.0400,19816000,100989310.0000,1.047700,-2.890200
2024-06-21,sz.002617,5.0300,5.0900,4.9600,4.9600,16610300,83263628.0000,0.878200,-1.587300
2024-06-24,sz.002617,4.9300,4.9400,4.7100,4.7300,23955805,115073222.7000,1.266500,-4.637100
2024-06-25,sz.002617,4.7600,4.8300,4.7100,4.7400,16902800,80587644.0000,0.893600,0.211400
2024-06-26,sz.002617,4.7400,4.8500,4.6700,4.8500,17609900,83934635.0000,0.931000,2.320700
2024-06-27,sz.002617,4.8400,4.8600,4.7200,4.7300,14163307,67638711.9500,0.748800,-2.474200
2024-06-28,sz.002617,4.6900,4.8700,4.6900,4.8000,16500896,79486199.6800,0.872400,1.479900
2024-07-01,sz.002617,4.8200,4.8600,4.7300,4.8300,12978347,62193178.8900,0.686200,0.625000
2024-07-02,sz.002617,4.8300,4.8700,4.8000,4.8300,12503831,60503076.0400,0.661100,0.000000
2024-07-03,sz.002617,4.8400,4.8500,4.7700,4.8200,11046100,53225880.0000,0.584000,-0.207000
2024-07-04,sz.002617,4.8200,4.8400,4.6800,4.7100,14294800,67805296.0000,0.755800,-2.282200
2024-07-05,sz.002617,4.6800,4.7600,4.6300,4.7300,10555508,49585363.0400,0.558100,0.424600
2024-07-08,sz.002617,4.7000,4.7100,4.5400,4.5500,17601976,80991297.5600,0.930600,-3.805500
2024-07-09,sz.002617,4.5600,4.6900,4.4800,4.6800,19056703,87645248.0100,1.007500,2.857100
2024-07-10,sz.002617,4.8000,5.0000,4.7900,4.8000,42714525,207548955.8500,2.258300,2.564100
2024-07-11,sz.002617,4.9400,4.9600,4.8400,4.9300,32684823,160292880.6000,1.728000,2.708300
2024-07-12,sz.002617,4.9100,5.0100,4.8900,4.9900,26795500,132862534.0000,1.416700,1.217000
2024-07-15,sz.002617,4.9700,4.9900,4.8600,4.8700,17548917,85972832.5000,0.927800,-2.404800
2024-07-16,sz.002617,4.8700,4.9200,4.8300,4.9100,15520126,75675550.7200,0.820500,0.821400
2024-07-17,sz.002617,4.9300,5.1300,4.9300,5.0800,48396234,245021844.6600,2.558700,3.462300
2024-07-18,sz.002617,5.0300,5.1000,4.9500,5.0800,25884900,130214393.0000,1.368500,0.000000
2024-07-19,sz.002617,5.0600,5.2100,5.0500,5.2000,27518637,141828658.2300,1.454900,2.362200
2024-07-22,sz.002617,5.1800,5.2900,5.1600,5.2500,26507800,139137901.4800,1.401500,0.961500
2024-07-23,sz.002617,5.2500,5.3300,5.2000,5.2000,26779876,141009343.7200,1.415800,-0.952400
2024-07-24,sz.002617,5.2000,5.3400,5.1900,5.2500,34809251,184017220.2800,1.840300,0.961500
2024-07-25,sz.002617,5.2000,5.3100,5.1800,5.2400,22495004,118165663.9600,1.189300,-0.190500
2024-07-26,sz.002617,5.2500,5.3100,5.2200,5.2600,19004948,99940041.0000,1.004800,0.381700
2024-07-29,sz.002617,5.2500,5.3500,5.2400,5.2500,18432453,97312955.7000,0.974500,-0.190100
2024-07-30,sz.002617,5.3500,5.5700,5.2300,5.5700,55355537,301238973.2000,2.926600,6.095200
2024-07-31,sz.002617,5.5100,5.6900,5.4800,5.6800,45700249,256024006.0200,2.416100,1.974900
2024-08-01,sz.002617,5.6600,5.7900,5.6300,5.7200,37197030,212660823.1500,1.966600,0.704200
2024-08-02,sz.002617,5.6800,5.7800,5.5600,5.5800,32944535,186527990.4100,1.741800,-2.447600
2024-08-05,sz.002617,5.5300,5.6300,5.3400,5.3600,41405420,226512566.6000,2.189100,-3.942700
2024-08-06,sz.002617,5.4200,5.5200,5.3900,5.4700,27034057,147348182.5400,1.429300,2.052200
2024-08-07,sz.002617,5.4700,5.5900,5.4500,5.5700,26544560,146604622.6000,1.403400,1.828200
2024-08-08,sz.002617,5.5400,5.6300,5.4500,5.5400,22726366,125662068.8400,1.201500,-0.538600
2024-08-09,sz.002617,5.5700,5.6300,5.4500,5.4700,15230800,84006510.0000,0.805200,-1.263500
2024-08-12,sz.002617,5.4600,5.6100,5.4500,5.5400,22607994,125620599.6400,1.195300,1.279700
2024-08-13,sz.002617,5.6300,6.0400,5.6100,5.8300,73751003,427486774.3300,3.899200,5.234700
2024-08-14,sz.002617,5.7800,6.1600,5.7800,5.9700,94054858,564083745.9300,4.972600,2.401400
2024-08-15,sz.002617,5.9700,6.0100,5.8800,6.0000,55963800,333358419.0000,2.958800,0.502500
2024-08-16,sz.002617,6.0200,6.1200,5.9400,6.0600,57038794,344566931.5900,3.015600,1.000000
2024-08-19,sz.002617,5.9800,6.0300,5.8500,5.8900,51826100,306921951.0000,2.740000,-2.805300
2024-08-20,sz.002617,5.8800,5.9700,5.8200,5.8500,26299300,154707219.0000,1.390400,-0.679100
2024-08-21,sz.002617,5.8500,6.0600,5.8100,5.9200,46201156,275029819.4200,2.442600,1.196600
2024-08-22,sz.002617,5.9200,5.9500,5.7400,5.7700,39973320,233266387.4000,2.113400,-2.533800
2024-08-23,sz.002617,5.7400,5.7800,5.6800,5.7400,19432930,111441255.6000,1.027400,-0.519900
2024-08-26,sz.002617,5.7500,5.7900,5.5600,5.5900,43647100,245981025.0000,2.307600,-2.613200
2024-08-27,sz.002617,5.5500,5.6100,5.3500,5.3700,37645120,205468856.0000,1.990300,-3.935600
2024-08-28,sz.002617,5.3700,5.5100,5.3400,5.4900,23352874,127202618.8200,1.234700,2.234600
2024-08-29,sz.002617,5.5000,5.5700,5.2300,5.5500,38170555,207618266.7000,2.018100,1.092900
2024-08-30,sz.002617,5.5000,5.6900,5.4500,5.6500,34846300,196041701.0000,1.842300,1.801800
2024-09-02,sz.002617,5.6400,5.8000,5.5800,5.7000,37629874,215351920.9800,1.989500,0.885000
2024-09-03,sz.002617,5.7000,5.7700,5.6500,5.6700,18420300,104889125.2600,0.973900,-0.526300
2024-09-04,sz.002617,5.6700,5.7400,5.5800,5.6800,22321362,126430910.3000,1.180100,0.176400
2024-09-05,sz.002617,5.6500,5.7700,5.6400,5.7200,18571100,106378025.0000,0.981800,0.704200
2024-09-06,sz.002617,5.7000,5.7400,5.6100,5.6200,15844000,89976077.0000,0.837700,-1.748300
2024-09-09,sz.002617,5.6100,5.6400,5.3400,5.3800,34371500,187921852.0000,1.817200,-4.270500
2024-09-10,sz.002617,5.4100,5.4600,5.1400,5.3600,38323200,202366744.0000,2.026100,-0.371700
2024-09-11,sz.002617,5.3200,5.4100,5.2800,5.3300,16361991,87298479.7700,0.865000,-0.559700
2024-09-12,sz.002617,5.3400,5.4500,5.2700,5.3000,15913200,85277886.0000,0.841300,-0.562900
2024-09-13,sz.002617,5.3300,5.3300,5.1800,5.2000,16412889,85931081.6900,0.867700,-1.886800
2024-09-18,sz.002617,5.2200,5.2400,5.0100,5.0700,19347700,98474437.0000,1.022900,-2.500000
2024-09-19,sz.002617,5.1400,5.2200,5.0500,5.1300,18096700,92934969.0000,0.956800,1.183400
2024-09-20,sz.002617,5.1500,5.1500,5.0000,5.0400,19929937,100698230.7400,1.053700,-1.754400
2024-09-23,sz.002617,5.0500,5.0800,4.9800,5.0000,17068782,85728909.9000,0.902400,-0.793700
2024-09-24,sz.002617,5.0300,5.2000,5.0200,5.2000,29911200,153408843.0000,1.581400,4.000000
2024-09-25,sz.002617,5.2500,5.4300,5.2500,5.2600,35199620,187762290.8000,1.861000,1.153800
2024-09-26,sz.002617,5.3000,5.4400,5.2200,5.4100,34640634,184157062.0100,1.831400,2.851700
2024-09-27,sz.002617,5.4900,5.9500,5.4700,5.8600,75581158,432294167.3100,3.995900,8.317900
2024-09-30,sz.002617,6.2200,6.4500,6.1200,6.4500,126185219,802586078.8400,6.671300,10.068300
2024-10-08,sz.002617,7.1000,7.1000,6.6300,7.1000,149753322,1050626550.3800,7.917400,10.077500
2024-10-09,sz.002617,7.0700,7.2200,6.5400,6.5400,132068218,911503939.7800,6.982400,-7.887300
2024-10-10,sz.002617,6.6000,6.7800,6.4200,6.4200,82285967,543290196.9600,4.350400,-1.834900
2024-10-11,sz.002617,6.4100,6.4700,5.9600,6.0400,71311170,440586589.1500,3.770200,-5.919000
2024-10-14,sz.002617,6.0400,6.2000,5.9800,6.2000,50587905,309058419.9000,2.674600,2.649000
2024-10-15,sz.002617,6.1500,6.2500,6.0000,6.0100,48324920,296028349.8000,2.554900,-3.064500
2024-10-16,sz.002617,5.9500,6.0600,5.8600,5.9200,41062665,244480112.8000,2.171000,-1.497500
2024-10-17,sz.002617,5.9300,6.0300,5.8500,5.8600,40688800,241342332.0000,2.151200,-1.013500
2024-10-18,sz.002617,5.8600,6.2900,5.8300,6.1300,74371988,451200399.6900,3.932000,4.607500
2024-10-21,sz.002617,6.2200,6.4200,6.1800,6.2900,80450317,507802055.7400,4.253400,2.610100
2024-10-22,sz.002617,6.2800,6.3000,6.1700,6.2500,51084635,318780248.0700,2.700800,-0.635900
2024-10-23,sz.002617,6.2800,6.4600,6.2300,6.3400,62865128,398700724.9000,3.323600,1.440000
2024-10-24,sz.002617,6.3100,6.3200,6.1900,6.2300,38692405,241114781.7800,2.045600,-1.735000
2024-10-25,sz.002617,6.2500,6.5900,6.2300,6.5400,88234581,569345456.6400,4.664900,4.975900
2024-10-28,sz.002617,6.5800,6.6300,6.4100,6.5600,74548455,485069222.7200,3.941300,0.305800
2024-10-29,sz.002617,6.5600,6.6800,6.4400,6.4600,68215256,445748112.0800,3.606500,-1.524400
2024-10-30,sz.002617,6.4100,6.5000,6.3500,6.4200,52435640,337292308.0500,2.772200,-0.619200
2024-10-31,sz.002617,6.4800,6.7400,6.4700,6.6600,93978527,624174348.7800,4.968600,3.738300
2024-11-01,sz.002617,6.6600,6.7500,6.3700,6.3800,76611376,500068303.3300,4.050400,-4.204200
2024-11-04,sz.002617,6.3500,6.5700,6.3500,6.4500,42289700,272784311.0000,2.235800,1.097200
2024-11-05,sz.002617,6.4400,6.5700,6.3900,6.5600,67196357,437355094.5100,3.552600,1.705400
2024-11-06,sz.002617,6.5700,7.2200,6.5400,7.2200,133100731,923863085.4800,7.037000,10.061000
2024-11-07,sz.002617,7.5900,7.8800,7.3800,7.4800,319685639,2425348302.4500,16.901600,3.601100
2024-11-08,sz.002617,7.4000,8.2200,7.3400,7.6500,299810292,2307815690.9800,15.850800,2.272700
2024-11-11,sz.002617,7.5500,8.1000,7.5000,7.8800,230140431,1802185752.1000,12.167400,3.006500
2024-11-12,sz.002617,7.8000,7.8800,7.4900,7.5800,153760210,1180234541.0100,8.129200,-3.807100
2024-11-13,sz.002617,7.5100,7.5800,7.2500,7.3500,118000543,867846157.6200,6.238600,-3.034300
2024-11-14,sz.002617,7.2800,7.3400,6.9500,6.9800,97460101,695338147.8300,5.152700,-5.034000
2024-11-15,sz.002617,6.9100,7.1700,6.8900,6.9500,76547250,539480713.4400,4.047000,-0.429800
2024-11-18,sz.002617,6.9600,7.0600,6.5400,6.5800,76201664,513111689.2500,4.028700,-5.323700
2024-11-19,sz.002617,6.6100,6.8900,6.6000,6.8800,65240811,439482881.3200,3.449200,4.559300
2024-11-20,sz.002617,6.9000,7.1500,6.8300,7.0500,76642924,537779783.1700,4.052100,2.470900
2024-11-21,sz.002617,7.0600,7.1100,6.8800,6.9700,63292759,441028996.6500,3.346200,-1.134800
2024-11-22,sz.002617,6.9000,7.0500,6.6400,6.6800,74205666,510503492.4200,3.923200,-4.160700
2024-11-25,sz.002617,6.7100,6.7800,6.4800,6.6200,47023987,310214040.3300,2.486100,-0.898200
2024-11-26,sz.002617,6.6000,6.7500,6.5300,6.5400,34828600,230390044.0000,1.841400,-1.208500
2024-11-27,sz.002617,6.5100,6.6700,6.3500,6.6700,45443260,295030676.8800,2.402600,1.987800
2024-11-28,sz.002617,6.7300,6.7800,6.6300,6.6500,37658967,251963088.1800,1.991000,-0.299900
2024-11-29,sz.002617,6.6200,6.7300,6.5000,6.6800,51128434,338811741.2900,2.703100,0.451100
2024-12-02,sz.002617,6.6800,6.9800,6.6100,6.9500,77668239,531511882.1300,4.106300,4.041900
2024-12-03,sz.002617,6.9600,7.0100,6.8400,6.9200,48503003,335582480.7000,2.564300,-0.431700
2024-12-04,sz.002617,6.9600,7.0400,6.7800,6.8100,49895404,344396001.8800,2.637900,-1.589600
2024-12-05,sz.002617,6.7500,6.9000,6.7100,6.8500,37684817,257973102.8300,1.992400,0.587400
2024-12-06,sz.002617,6.8200,6.9300,6.7400,6.9000,48141160,329644069.1600,2.545200,0.729900
2024-12-09,sz.002617,6.8800,6.9600,6.7800,6.8400,39440191,270997932.7300,2.085200,-0.869600
2024-12-10,sz.002617,6.9900,7.1000,6.9000,7.0400,93408782,653981278.6600,4.938500,2.924000
2024-12-11,sz.002617,7.0200,7.2100,6.9600,7.2100,89155095,636276493.4600,4.713600,2.414800
2024-12-12,sz.002617,7.2200,7.2300,7.0600,7.1300,56884027,405135189.7300,3.007400,-1.109600
2024-12-13,sz.002617,7.1000,7.1600,6.9200,6.9300,61178594,429876406.9700,3.234500,-2.805000
2024-12-16,sz.002617,6.8900,7.6200,6.8900,7.6200,126965270,953406011.3300,6.712600,9.956700
2024-12-17,sz.002617,7.6000,7.8600,7.3100,7.4500,225587403,1705603939.2400,11.926700,-2.231000
2024-12-18,sz.002617,7.3900,8.2000,7.3500,7.8500,360367528,2851582635.5300,19.052400,5.369100
2024-12-19,sz.002617,7.5900,8.2800,7.5900,7.7800,309845034,2457165551.6300,16.381300,-0.891700
2024-12-20,sz.002617,7.6000,8.5600,7.4600,8.5600,210620523,1726236740.8700,11.135400,10.025700
2024-12-23,sz.002617,9.2400,9.4200,9.0300,9.4200,627317399,5860168400.1600,33.165900,10.046700
2024-12-24,sz.002617,9.4400,9.9900,8.4800,9.0000,648010351,5935380567.0400,34.259900,-4.458600
2024-12-25,sz.002617,8.6500,8.7400,8.1000,8.1000,426530249,3532018041.8800,22.550400,-10.000000
2024-12-26,sz.002617,7.9100,8.9100,7.8700,8.9100,370318709,3182519024.9500,19.578500,10.000000
2024-12-27,sz.002617,9.3000,9.3000,8.7000,8.8000,521286573,4671004307.5800,27.560100,-1.234600
2024-12-30,sz.002617,8.8500,9.1500,8.4800,8.5000,373332647,3293871102.5600,19.737900,-3.409100
2024-12-31,sz.002617,8.3000,8.5000,7.6500,7.6500,336577646,2671710198.2200,17.794700,-10.000000
2025-01-02,sz.002617,7.5700,7.9500,7.3500,7.5000,229414052,1746668367.9600,12.129000,-1.960800
2025-01-03,sz.002617,7.5000,7.5700,6.9100,6.9500,209120393,1501524115.9800,11.056100,-7.333300
2025-01-06,sz.002617,6.9500,7.0200,6.6400,6.7100,133031646,904697364.6600,7.033300,-3.453200
2025-01-07,sz.002617,6.7100,7.0900,6.6800,7.0500,172339621,1193005162.5800,9.111500,5.067100
2025-01-08,sz.002617,6.9300,7.0300,6.6100,6.9200,166091049,1136586319.1500,8.781100,-1.844000
2025-01-09,sz.002617,6.8200,7.0800,6.8200,6.9300,125255525,874233663.8700,6.622200,0.144500
2025-01-10,sz.002617,6.8500,6.9500,6.5100,6.5200,139105716,934333330.9600,7.354400,-5.916300
2025-01-13,sz.002617,6.6100,6.6600,6.3300,6.4600,91651000,593635758.0000,4.845500,-0.920200
2025-01-14,sz.002617,6.5000,6.9300,6.4700,6.9200,146252700,987584412.0000,7.732300,7.120700
2025-01-15,sz.002617,6.8200,6.9700,6.7400,6.8600,112227033,767989958.3800,5.933400,-0.867100
2025-01-16,sz.002617,6.9200,7.0900,6.8300,6.9500,119796910,832451798.6000,6.333600,1.312000
2025-01-17,sz.002617,6.9500,7.4700,6.8800,7.3000,256719331,1848580403.3000,13.572600,5.036000
2025-01-20,sz.002617,7.3000,8.0300,7.2900,7.7500,315425620,2438982389.5000,16.676400,6.164400
2025-01-21,sz.002617,7.7400,7.9600,7.6500,7.7900,243861811,1899161591.4400,12.892800,0.516100
2025-01-22,sz.002617,7.7200,8.0500,7.7100,7.7900,224950570,1777680334.3000,11.893000,0.000000
2025-01-23,sz.002617,7.9300,8.1400,7.6600,7.6600,198093380,1561835189.8000,10.473100,-1.668800
2025-01-24,sz.002617,7.6600,7.9100,7.6200,7.8800,177855378,1390869268.0400,9.403100,2.872100
2025-01-27,sz.002617,7.7500,7.8300,7.4200,7.4300,139524118,1059569221.1200,7.376600,-5.710700
2025-02-05,sz.002617,7.5500,7.6200,7.3600,7.4500,104891093,787158546.7800,5.545500,0.269200
2025-02-06,sz.002617,7.4600,7.8000,7.4100,7.7800,151543868,1166771425.6200,8.012000,4.429500
2025-02-07,sz.002617,7.7400,8.0000,7.7000,7.8400,189752993,1490840831.2700,10.032100,0.771200
2025-02-10,sz.002617,7.8300,7.9300,7.7000,7.9100,157364683,1231349280.1500,8.319800,0.892900
2025-02-11,sz.002617,7.8800,8.2500,7.7700,8.2500,250435036,2022151242.5500,13.240300,4.298400
2025-02-12,sz.002617,8.1100,8.4300,8.0500,8.2700,200542777,1641770818.4200,10.602600,0.242400
2025-02-13,sz.002617,8.2000,9.0200,8.1200,8.4100,282213749,2418572922.6900,14.920500,1.692900
2025-02-14,sz.002617,8.2900,8.6800,8.2600,8.3800,187087374,1586867414.4300,9.891200,-0.356700
2025-02-17,sz.002617,8.4600,8.4900,8.0500,8.1700,204264358,1678516142.8700,10.799300,-2.506000
2025-02-18,sz.002617,8.1400,8.2100,7.8300,7.8700,138507870,1110583904.3700,7.322800,-3.672000
2025-02-19,sz.002617,7.8800,8.1600,7.8500,8.0500,124116682,994215431.7900,6.562000,2.287200
2025-02-20,sz.002617,8.0000,8.0700,7.9000,8.0100,99294782,793686903.4000,5.249700,-0.496900
2025-02-21,sz.002617,8.0500,8.3400,7.9800,8.2500,180248658,1473045135.4900,9.529600,2.996300
2025-02-24,sz.002617,8.2500,8.2500,8.0800,8.1400,114290210,930589097.9000,6.042500,-1.333300
2025-02-25,sz.002617,8.0100,8.1700,7.9300,8.0300,102409689,823492045.8200,5.414300,-1.351400
2025-02-26,sz.002617,8.0400,8.5300,7.9700,8.4800,215973483,1785805920.6400,11.418400,5.604000
2025-02-27,sz.002617,8.4800,8.5600,8.1800,8.3200,140298095,1168171018.3700,7.417500,-1.886800
2025-02-28,sz.002617,8.2600,8.5000,8.0700,8.1000,133552013,1103328722.3700,7.060800,-2.644200
2025-03-03,sz.002617,8.1100,8.2700,7.9000,8.0000,98188090,791661108.2200,5.191100,-1.234600
2025-03-04,sz.002617,7.9100,8.0900,7.8500,8.0300,61613800,492308995.0000,3.257500,0.375000
2025-03-05,sz.002617,8.0000,8.0800,7.7600,7.9400,79527626,627711535.5600,4.204600,-1.120800
2025-03-06,sz.002617,7.9500,8.4400,7.9500,8.2700,139499810,1150224637.1400,7.375300,4.156200
2025-03-07,sz.002617,8.1900,8.2200,8.0200,8.0700,92223069,748380872.1200,4.875800,-2.418400
2025-03-10,sz.002617,8.1100,8.3200,8.0900,8.1900,85838127,705135547.8600,4.538200,1.487000
2025-03-11,sz.002617,8.0500,8.5900,8.0100,8.4400,152601618,1276133157.1700,8.068000,3.052500
2025-03-12,sz.002617,8.4900,9.0000,8.4900,8.6900,230931634,2035650365.5500,12.209200,2.962100
2025-03-13,sz.002617,8.6200,8.8000,8.4400,8.5900,137658693,1180884630.1000,7.277900,-1.150700
2025-03-14,sz.002617,8.6100,8.7900,8.4600,8.7100,124958498,1081232209.7900,6.606500,1.397000
2025-03-17,sz.002617,8.7200,8.8800,8.6500,8.7700,119897105,1050222515.0000,6.338900,0.688900
2025-03-18,sz.002617,8.8400,8.9000,8.5500,8.5800,110882963,960788852.1100,5.862300,-2.166500
2025-03-19,sz.002617,8.5900,8.6400,8.4600,8.4900,78115498,666889546.0600,4.129900,-1.049000
2025-03-20,sz.002617,8.4700,8.6300,8.4200,8.4500,68954000,588145412.0000,3.645600,-0.471100
2025-03-21,sz.002617,8.4100,8.5000,8.2400,8.2700,67000655,559782443.3100,3.542300,-2.130200
2025-03-24,sz.002617,8.2000,8.2500,7.7000,7.9200,119857966,951057682.1400,6.336800,-4.232200
2025-03-25,sz.002617,7.9000,7.9700,7.7700,7.8000,56757625,445393541.7500,3.000700,-1.515200
2025-03-26,sz.002617,7.8100,7.9000,7.7800,7.8200,42431900,332708353.0000,2.243300,0.256400
2025-03-27,sz.002617,7.7700,7.8600,7.6500,7.7400,46745977,362479232.5900,2.471400,-1.023000
2025-03-28,sz.002617,7.7500,7.8800,7.7100,7.7700,43364026,337842308.1600,2.292600,0.387600
2025-03-31,sz.002617,7.7100,7.9100,7.6800,7.8500,57922715,452563414.7200,3.062300,1.029600
2025-04-01,sz.002617,7.8800,7.9100,7.7800,7.8400,39890759,312711314.7900,2.109000,-0.127400
2025-04-02,sz.002617,7.8300,7.9300,7.7900,7.8400,37124107,291879210.7400,1.962700,0.000000
2025-04-03,sz.002617,7.7500,7.8300,7.5400,7.5700,57088572,438313216.7300,3.018200,-3.443900
2025-04-07,sz.002617,6.9100,7.1900,6.8100,6.8100,56476900,389201293.6200,2.985900,-10.039600
2025-04-08,sz.002617,6.6200,6.9200,6.4200,6.5900,80722373,535570642.5300,4.267700,-3.230500
2025-04-09,sz.002617,6.4400,6.8000,6.0000,6.7500,79813436,514580796.2200,4.219700,2.427900
2025-04-10,sz.002617,6.8900,7.2900,6.8300,6.9800,81170914,570624887.6800,4.291500,3.407400
2025-04-11,sz.002617,6.8300,7.1500,6.8300,7.0300,55150125,387650116.7500,2.915800,0.716300
2025-04-14,sz.002617,7.1700,7.2400,7.0700,7.0800,51837400,369681122.0000,2.740600,0.711200
2025-04-15,sz.002617,7.0800,7.1200,6.9800,7.0500,32724100,230392724.0000,1.730100,-0.423700
2025-04-16,sz.002617,7.0100,7.0400,6.8000,6.9100,34858200,240632162.0000,1.842900,-1.985800
2025-04-17,sz.002617,6.8600,6.9800,6.8300,6.8700,25170000,174380654.9000,1.330700,-0.578900
2025-04-18,sz.002617,6.8700,6.9500,6.8000,6.9400,27166825,186686584.7500,1.436300,1.018900
2025-04-21,sz.002617,6.9400,7.0400,6.9000,7.0400,28239600,197900289.0000,1.493000,1.440900
2025-04-22,sz.002617,7.0000,7.0500,6.9600,6.9900,25047720,175294996.8000,1.324300,-0.710200
2025-04-23,sz.002617,7.0500,7.1100,7.0000,7.0700,37573476,265225922.0800,1.986500,1.144500
2025-04-24,sz.002617,7.1400,7.1500,6.9800,7.0400,39674076,280019459.0000,2.097500,-0.424300
2025-04-25,sz.002617,7.0500,7.1500,7.0100,7.0800,35928270,254719731.9000,1.899500,0.568200
2025-04-28,sz.002617,7.1600,7.1900,7.0500,7.0600,34127205,242084577.2500,1.804300,-0.282500
2025-04-29,sz.002617,7.0500,7.1200,7.0000,7.0100,31112600,219504243.0000,1.644900,-0.708200
2025-04-30,sz.002617,7.0200,7.1800,7.0100,7.1400,47244970,336380760.5000,2.497800,1.854500
2025-05-06,sz.002617,7.2000,7.3600,7.1600,7.3600,48223402,351665189.4600,2.549500,3.081200
2025-05-07,sz.002617,7.4600,7.5000,7.2800,7.3600,62208570,458428718.0000,3.288900,0.000000
2025-05-08,sz.002617,7.3200,8.1000,7.3000,7.8000,153970497,1191901229.5300,8.140300,5.978300
2025-05-09,sz.002617,7.6300,7.6900,7.5000,7.5400,85894896,651335281.0800,4.541200,-3.333300
2025-05-12,sz.002617,7.5900,7.8400,7.5400,7.7700,84374970,646731410.2000,4.460900,3.050400
2025-05-13,sz.002617,7.8100,7.8600,7.6100,7.6300,67598928,519994222.4900,3.573900,-1.801800
2025-05-14,sz.002617,7.6100,7.9300,7.4600,7.7600,104502492,801790652.8500,5.525000,1.703800
2025-05-15,sz.002617,7.6900,7.6900,7.4200,7.4400,64738069,487364316.7900,3.422700,-4.123700
2025-05-16,sz.002617,7.3900,7.5200,7.3500,7.4000,32960146,245625336.4000,1.742600,-0.537600
2025-05-19,sz.002617,7.4200,7.4800,7.3600,7.4500,29652500,220216943.5000,1.567700,0.675700
2025-05-20,sz.002617,7.4300,7.5100,7.3600,7.4800,32057198,238981704.1000,1.694800,0.402700
2025-05-21,sz.002617,7.5200,8.2300,7.5200,8.2300,261873400,2099145839.7600,13.845100,10.026700
2025-05-22,sz.002617,8.2300,8.5600,8.0100,8.0200,341204687,2809971379.4800,18.039300,-2.551600
2025-05-23,sz.002617,8.1800,8.1900,7.7600,7.7800,183030523,1452472212.0700,9.676700,-2.992500
2025-05-26,sz.002617,7.7800,8.0100,7.6800,7.8800,130086789,1021196184.5600,6.877600,1.285300
2025-05-27,sz.002617,7.8100,8.1100,7.7600,8.0600,142830879,1133587853.1400,7.551400,2.284300
2025-05-28,sz.002617,7.9900,8.0000,7.8300,7.8500,94063400,742992752.8400,4.973100,-2.605500
2025-05-29,sz.002617,7.8100,8.1100,7.8100,8.0000,112672116,899031305.6200,5.956900,1.910800
2025-05-30,sz.002617,7.9400,7.9800,7.7200,7.7600,88138916,687690228.7700,4.659900,-3.000000
2025-06-03,sz.002617,7.6700,7.9200,7.6500,7.7800,56851674,442154799.4300,3.005700,0.257700
2025-06-04,sz.002617,7.7800,8.2200,7.7700,8.0500,155649229,1250319524.1800,8.229100,3.470400
2025-06-05,sz.002617,8.0500,8.1900,7.9700,8.1000,126777987,1023236286.2100,6.702700,0.621100
2025-06-06,sz.002617,8.0800,8.1000,7.9100,7.9100,78830282,628505013.4300,4.167700,-2.345700
2025-06-09,sz.002617,7.9200,8.0200,7.9200,7.9800,59633988,475583480.2400,3.152800,0.885000
2025-06-10,sz.002617,8.0000,8.0000,7.6700,7.7800,89648600,700227434.0000,4.739700,-2.506300
2025-06-11,sz.002617,7.7800,7.8400,7.7300,7.8000,50035400,389506608.0000,2.645300,0.257100
2025-06-12,sz.002617,7.7800,8.0800,7.6700,7.8900,98915925,778008811.3300,5.229600,1.153800
2025-06-13,sz.002617,7.7700,7.8000,7.6500,7.6500,64975600,500836544.6800,3.435200,-3.041800
2025-06-16,sz.002617,7.5800,7.7700,7.5300,7.7200,39205900,301713985.0000,2.072800,0.915000
2025-06-17,sz.002617,7.6900,7.7300,7.5800,7.6000,42342551,322920025.0900,2.238600,-1.554400
2025-06-18,sz.002617,7.5700,7.6100,7.4300,7.5000,49027350,367644516.0000,2.592000,-1.315800
2025-06-19,sz.002617,7.4600,7.5900,7.2700,7.3000,53859282,397917533.7400,2.847500,-2.666700
2025-06-20,sz.002617,7.2800,7.3700,7.1600,7.1800,40934647,296443917.4100,2.164200,-1.643800
2025-06-23,sz.002617,7.1000,7.2700,7.0800,7.2400,28563590,206258476.4000,1.510100,0.835700
2025-06-24,sz.002617,7.2600,7.4000,7.2600,7.4000,36854500,271714726.0000,1.948500,2.209900
2025-06-25,sz.002617,7.4000,7.4800,7.3600,7.4500,41526505,308047895.2500,2.195500,0.675700
2025-06-26,sz.002617,7.4600,7.5500,7.3800,7.3900,42933300,320068409.0000,2.269900,-0.805400
2025-06-27,sz.002617,7.4100,7.6200,7.3900,7.4900,59997530,450429440.4000,3.172000,1.353200
2025-06-30,sz.002617,7.5000,7.5600,7.4800,7.5300,42720665,321056247.5000,2.258600,0.534000
2025-07-01,sz.002617,7.5000,7.5700,7.4800,7.5500,38761400,291766095.0000,2.049300,0.265600
2025-07-02,sz.002617,7.5300,7.5400,7.4400,7.4800,35782200,267385228.0000,1.891800,-0.927200
2025-07-03,sz.002617,7.4500,7.5100,7.4200,7.4900,33053088,246813855.2400,1.747500,0.133700
2025-07-04,sz.002617,7.4800,7.6900,7.4400,7.5200,67245858,509020606.2200,3.555200,0.400500
2025-07-07,sz.002617,7.4700,7.8400,7.4300,7.7700,105352415,805630522.3800,5.569900,3.324500
2025-07-08,sz.002617,7.6800,7.8600,7.6500,7.8200,102362308,795305819.2400,5.411800,0.643500
2025-07-09,sz.002617,7.7900,7.8400,7.6800,7.7000,64307600,498339135.0000,3.399900,-1.534500
2025-07-10,sz.002617,7.7000,7.8200,7.7000,7.7400,51687108,400365520.2600,2.732700,0.519500
2025-07-11,sz.002617,7.7400,7.7500,7.6500,7.7000,47454616,365827553.6900,2.508900,-0.516800
2025-07-14,sz.002617,7.6900,7.7900,7.6700,7.7300,45239335,350411600.7500,2.391800,0.389600
2025-07-15,sz.002617,7.6800,7.8500,7.6200,7.7000,51435985,396712182.7000,2.719400,-0.388100
2025-07-16,sz.002617,7.7100,7.8000,7.7100,7.7400,52424218,406824483.3600,2.771600,0.519500
2025-07-17,sz.002617,7.7100,7.7800,7.6800,7.7700,43443690,336608768.1000,2.296800,0.387600
2025-07-18,sz.002617,7.7800,7.8000,7.6800,7.7100,43272400,333915858.6000,2.287800,-0.772200
2025-07-21,sz.002617,7.7200,7.7900,7.6900,7.7800,48508900,376330944.0000,2.564600,0.907900
2025-07-22,sz.002617,7.7700,7.8400,7.7400,7.8100,58124485,452956791.2500,3.073000,0.385600
2025-07-23,sz.002617,7.7800,7.8100,7.6800,7.7000,55318269,428668193.5100,2.924600,-1.408500
2025-07-24,sz.002617,7.7700,7.9800,7.7500,7.8700,85583677,672798649.2300,4.524800,2.207800
2025-07-25,sz.002617,7.8600,7.8600,7.7500,7.8000,48132361,375420950.2400,2.544700,-0.889500
2025-07-28,sz.002617,7.8000,7.8200,7.7300,7.7700,38626705,300110126.5100,2.042200,-0.384600
2025-07-29,sz.002617,7.7700,7.7800,7.6600,7.7400,45819615,352696322.8000,2.422500,-0.386100
2025-07-30,sz.002617,7.7200,7.7200,7.5500,7.5800,49787967,379863254.6700,2.632300,-2.067200
2025-07-31,sz.002617,7.5800,7.6900,7.4600,7.4900,52871900,400686759.2500,2.795300,-1.187300
2025-08-01,sz.002617,7.4700,7.6800,7.4500,7.5300,45064788,339592939.7800,2.382500,0.534000
2025-08-04,sz.002617,7.4800,7.5300,7.4000,7.5300,33694121,251171448.3500,1.781400,0.000000
2025-08-05,sz.002617,7.5300,7.6100,7.5200,7.5800,33679600,254553360.0000,1.780600,0.664000
2025-08-06,sz.002617,7.5600,7.6200,7.5200,7.6200,36482572,276389949.5000,1.928800,0.527700
2025-08-07,sz.002617,7.6300,7.6400,7.5400,7.5600,35228540,267132951.5500,1.862500,-0.787400
2025-08-08,sz.002617,7.5600,7.5600,7.4600,7.4800,33720252,253025417.6600,1.782800,-1.058200
2025-08-11,sz.002617,7.4600,7.5800,7.4600,7.5500,34223687,257868934.7900,1.809400,0.935800
2025-08-12,sz.002617,7.5900,7.6400,7.5300,7.5700,43589445,330551576.9500,2.304500,0.264900
2025-08-13,sz.002617,7.5700,7.6300,7.5600,7.6200,48565930,369692745.6400,2.567700,0.660500
2025-08-14,sz.002617,7.6300,7.6700,7.4800,7.5300,48423910,366674560.2000,2.560100,-1.181100
2025-08-15,sz.002617,7.5100,7.7600,7.5100,7.7400,86883953,667776789.7200,4.593500,2.788800
2025-08-18,sz.002617,7.7700,7.9000,7.7400,7.8600,99961278,783696841.7400,5.284900,1.550400
2025-08-19,sz.002617,7.8600,7.9400,7.7700,7.8800,73744330,578929745.3400,3.898800,0.254500
2025-08-20,sz.002617,7.8800,8.1100,7.8500,8.0000,105505716,843978625.8000,5.578000,1.522800
2025-08-21,sz.002617,7.9600,8.0300,7.8600,7.9100,70926838,562834474.4000,3.749900,-1.125000
2025-08-22,sz.002617,7.8900,7.9900,7.8700,7.9600,67313999,533551303.4700,3.558800,0.632100
2025-08-25,sz.002617,7.9800,8.0500,7.9200,7.9900,83892593,670712701.0500,4.435300,0.376900
2025-08-26,sz.002617,7.9500,8.3600,7.8800,8.1500,155742001,1264733502.7400,8.234000,2.002500
2025-08-27,sz.002617,8.3100,8.3400,7.9000,7.9100,138000155,1127035023.0800,7.296000,-2.944800
2025-08-28,sz.002617,7.9100,8.1600,7.8500,8.1600,118288068,949376254.2100,6.253800,3.160600
2025-08-29,sz.002617,8.1700,8.1800,7.9700,8.0100,73123993,587298018.8200,3.866000,-1.838200
2025-09-01,sz.002617,7.9900,7.9900,7.7800,7.8500,83565473,655924831.5900,4.418100,-1.997500
2025-09-02,sz.002617,7.8600,8.6400,7.8500,8.2600,336321949,2836747691.9500,17.781100,5.222900
2025-09-03,sz.002617,8.2700,8.3600,8.1000,8.1000,214278688,1760649209.3500,11.328800,-1.937000
2025-09-04,sz.002617,8.3000,8.5800,8.1100,8.2600,195995609,1632979365.1100,10.362200,1.975300
2025-09-05,sz.002617,8.2100,9.0900,8.2100,9.0900,317339182,2797359014.1300,16.777500,10.048400
2025-09-08,sz.002617,9.5000,10.0000,9.3600,9.7300,675020713,6662347506.1900,35.687900,7.040700
2025-09-09,sz.002617,9.4200,9.8700,9.2400,9.2800,454318204,4286786350.2100,24.019500,-4.624900
2025-09-10,sz.002617,9.3600,9.3700,8.8700,9.1900,329467678,3008198878.7900,17.418800,-0.969800
2025-09-11,sz.002617,9.0500,9.5100,8.8700,9.4400,351255430,3207535408.1300,18.570700,2.720300
2025-09-12,sz.002617,9.5100,9.8300,9.2800,9.2900,385597936,3673999750.8000,20.386300,-1.589000
2025-09-15,sz.002617,9.5900,9.7700,9.2800,9.4000,263919245,2491143061.5000,13.953200,1.184100
2025-09-16,sz.002617,9.3100,10.2000,9.3100,9.8300,376745427,3690555375.2600,19.918300,4.574500
2025-09-17,sz.002617,10.8100,10.8100,10.6300,10.8100,94546677,1021872445.8100,4.998600,9.969500
2025-09-18,sz.002617,11.5000,11.7000,10.2900,10.6000,621322880,6893368255.0800,32.849000,-1.942600
2025-09-19,sz.002617,10.7100,10.9200,10.0400,10.0500,401310697,4197244124.9900,21.217100,-5.188700
2025-09-22,sz.002617,10.1800,10.2400,9.8100,9.9300,255711076,2557535847.9100,13.519300,-1.194000
2025-09-23,sz.002617,9.8500,10.4300,9.6400,10.2700,361041647,3646702967.1100,19.088100,3.424000
2025-09-24,sz.002617,10.0900,10.1600,9.7300,9.9800,239078427,2370177155.1800,12.639900,-2.823800
2025-09-25,sz.002617,9.9500,10.0000,9.5700,9.6100,206342249,2008271436.7600,10.909200,-3.707400
2025-09-26,sz.002617,9.5600,9.7600,9.3600,9.4600,179461437,1707763726.9000,9.488000,-1.560900
2025-09-29,sz.002617,9.3900,9.4000,9.1900,9.3200,134138925,1249304062.0800,7.091800,-1.479900
2025-09-30,sz.002617,9.3700,9.4800,9.2500,9.2800,108339343,1012770526.0300,5.727800,-0.429200
2025-10-09,sz.002617,9.3000,9.5300,9.3000,9.4600,118945152,1122044877.3900,6.288600,1.939700
2025-10-10,sz.002617,9.3700,9.3800,9.0300,9.0800,134165210,1228559933.8300,7.093200,-4.016900
2025-10-13,sz.002617,8.6000,8.9500,8.6000,8.9200,105852143,931365827.1900,5.596300,-1.762100
2025-10-14,sz.002617,8.9400,9.1200,8.6800,8.7100,94243202,839851801.5500,4.982600,-2.354300
2025-10-15,sz.002617,8.7200,8.9000,8.5700,8.8700,88650770,775046543.0400,4.686900,1.837000
2025-10-16,sz.002617,8.8500,8.8500,8.5600,8.6200,76163306,661205330.9300,4.026700,-2.818500
2025-10-17,sz.002617,8.6500,8.6800,8.2200,8.2300,92791449,779046827.8400,4.905800,-4.524400
2025-10-20,sz.002617,8.3300,8.4400,8.3100,8.3900,59109028,494852123.6000,3.125100,1.944100
2025-10-21,sz.002617,8.3600,8.4500,8.3400,8.4300,52408150,440921237.7500,2.770800,0.476800
2025-10-22,sz.002617,8.3600,8.4500,8.3200,8.3600,41728313,349498661.5200,2.206200,-0.830400
2025-10-23,sz.002617,8.3300,8.3300,8.1500,8.2800,60439677,496372701.0200,3.195400,-0.956900
2025-10-24,sz.002617,8.3100,8.4400,8.2800,8.4200,72553057,607296332.4200,3.835800,1.690800
2025-10-27,sz.002617,8.5000,8.5500,8.3800,8.4300,76628012,647789534.6800,4.051300,0.118800
2025-10-28,sz.002617,8.4000,8.4800,8.3400,8.3800,56419169,474158309.5700,2.982800,-0.593100
2025-10-29,sz.002617,8.5400,8.8400,8.4900,8.8000,183900398,1599455069.5000,9.722700,5.011900
2025-10-30,sz.002617,8.7500,9.1500,8.6400,8.9300,201612186,1788850872.2900,10.659100,1.477300
2025-10-31,sz.002617,8.9400,9.0400,8.8100,8.8700,119262174,1065482559.7400,6.305300,-0.671900
2025-11-03,sz.002617,8.8700,8.9000,8.6400,8.8200,93599165,818545861.1100,4.948500,-0.563700
2025-11-04,sz.002617,8.7800,8.8200,8.5900,8.6700,71097609,617429195.8000,3.758900,-1.700700
2025-11-05,sz.002617,8.5000,8.7800,8.4600,8.6900,69283871,597758366.7800,3.663000,0.230700
2025-11-06,sz.002617,8.6900,8.8800,8.6600,8.7900,81437299,714790074.0300,4.305500,1.150700
2025-11-07,sz.002617,8.7500,9.1700,8.7100,9.0600,165505283,1489302939.7900,8.750200,3.071700
2025-11-10,sz.002617,9.0800,9.1400,8.9200,9.0100,114017910,1029288010.0700,6.028100,-0.551900
2025-11-11,sz.002617,9.0100,9.4200,9.0000,9.3500,186746868,1734130416.2900,9.873200,3.773600
2025-11-12,sz.002617,9.3500,9.3600,9.0200,9.1300,119172684,1089319619.6100,6.300600,-2.352900
2025-11-13,sz.002617,9.1400,9.1700,8.9500,9.0500,96024188,869817114.3100,5.076700,-0.876200
2025-11-14,sz.002617,9.0000,9.2000,8.8900,9.0000,83816343,758777663.9600,4.431300,-0.552500
2025-11-17,sz.002617,8.9500,8.9700,8.7800,8.8500,78726467,695819547.4400,4.162200,-1.666700
2025-11-18,sz.002617,8.8100,8.8300,8.5300,8.5700,80537860,693737425.4900,4.258000,-3.163800
2025-11-19,sz.002617,8.5900,8.6400,8.3700,8.4500,54079833,458068024.9100,2.859200,-1.400200
2025-11-20,sz.002617,8.5500,8.7100,8.4600,8.5700,66915771,573621433.8300,3.537800,1.420100
2025-11-21,sz.002617,8.4400,8.5200,8.0300,8.0300,79023995,649676128.2400,4.178000,-6.301100
2025-11-24,sz.002617,8.1200,8.1500,7.9700,8.1000,44620874,359472570.9800,2.359100,0.871700
2025-11-25,sz.002617,8.1200,8.2700,8.1200,8.1800,43184212,354643353.6100,2.283100,0.987700
2025-11-26,sz.002617,7.8900,8.0300,7.7600,7.8500,102273007,804611247.4500,5.407100,-4.034200
2025-11-27,sz.002617,7.8600,7.9200,7.7600,7.7800,53402270,418510174.0000,2.823300,-0.891700
2025-11-28,sz.002617,7.7600,7.9800,7.7600,7.9200,52921785,417885183.2100,2.797900,1.799500
2025-12-01,sz.002617,7.9500,8.1600,7.9300,8.1500,63416279,512566573.1900,3.352800,2.904000
2025-12-02,sz.002617,8.1400,8.1400,8.0000,8.0200,37237809,299033352.2000,1.968700,-1.595100
2025-12-03,sz.002617,8.0100,8.0700,7.9000,7.9300,36323530,289690602.7800,1.920400,-1.122200
2025-12-04,sz.002617,7.9200,8.2200,7.9200,8.0800,70229679,568018593.4300,3.713000,1.891600
2025-12-05,sz.002617,8.0300,8.0900,7.9300,8.0600,47773586,383222716.4400,2.525800,-0.247500
2025-12-08,sz.002617,8.0800,8.1500,8.0400,8.1100,50238981,406683905.4800,2.656100,0.620300
2025-12-09,sz.002617,8.0800,8.1100,7.9800,8.0200,47113395,378406304.4200,2.490900,-1.109700
2025-12-10,sz.002617,7.9900,8.0100,7.9000,7.9800,37450573,298036253.2800,1.980000,-0.498800
2025-12-11,sz.002617,7.9800,8.0200,7.8500,7.8700,32906594,261266539.3100,1.739800,-1.378400
2025-12-12,sz.002617,7.8400,8.1800,7.8400,8.1400,90544731,732501693.5500,4.787000,3.430700
2025-12-15,sz.002617,8.0900,8.1200,7.9800,7.9900,45011040,362072456.4200,2.379700,-1.842800
2025-12-16,sz.002617,7.9700,7.9900,7.7000,7.7200,55156883,428769068.4900,2.916100,-3.379200
2025-12-17,sz.002617,7.7200,7.7800,7.5900,7.7700,42011640,323048000.4500,2.221100,0.647700
2025-12-18,sz.002617,7.7000,7.8300,7.6600,7.7200,31583525,244993167.3000,1.669800,-0.643500
2025-12-19,sz.002617,7.7200,7.8100,7.7200,7.7900,31205800,242693427.4200,1.649800,0.906700
2025-12-22,sz.002617,7.7600,7.9300,7.7600,7.8500,36994701,291140430.8600,1.955900,0.770200
2025-12-23,sz.002617,7.8500,7.8500,7.6800,7.7100,39030603,302718079.4700,2.063500,-1.783400
2025-12-24,sz.002617,7.6800,7.8100,7.6300,7.8000,37029615,287413646.6900,1.957700,1.167300
2025-12-25,sz.002617,7.7900,7.9600,7.7600,7.9200,46332682,365142240.8600,2.449600,1.538500
2025-12-26,sz.002617,7.8800,7.9700,7.8400,7.9300,46070400,365225332.0000,2.435700,0.126300
2025-12-29,sz.002617,7.9000,8.4600,7.8900,8.2000,143490194,1180507725.7700,7.586200,3.404800
2025-12-30,sz.002617,8.1300,8.3400,8.1000,8.2500,75790820,619433082.5800,4.007000,0.609800
2025-12-31,sz.002617,8.2100,8.2200,8.0800,8.1000,50490705,409683297.3200,2.669400,-1.818200
2026-01-05,sz.002617,8.1200,8.1500,8.0300,8.1300,52740578,426863977.5400,2.788400,0.370400
2026-01-06,sz.002617,8.1100,8.3400,8.0700,8.2900,81369233,672021039.1900,4.301900,1.968000
2026-01-07,sz.002617,8.2700,8.3800,8.2100,8.2700,66915391,554718295.1600,3.537800,-0.241300
2026-01-08,sz.002617,8.2400,8.4100,8.2100,8.3500,74813098,623827551.1200,3.955300,0.967400
2026-01-09,sz.002617,8.3100,8.4900,8.3000,8.3700,84195465,706723683.6600,4.451400,0.239500
2026-01-12,sz.002617,8.3700,8.5200,8.3400,8.5100,131151945,1104665108.8900,6.933900,1.672600
2026-01-13,sz.002617,8.5000,8.5000,8.2300,8.2700,105934516,881639762.0000,5.600700,-2.820200
2026-01-14,sz.002617,8.2700,8.4100,8.1300,8.2100,102704872,851792256.2600,5.429900,-0.725500
2026-01-15,sz.002617,8.1700,8.2900,8.1300,8.2400,53740596,441030461.6900,2.841200,0.365400
2026-01-16,sz.002617,8.3100,8.8000,8.3100,8.6600,220924820,1896559969.3100,11.680200,5.097100
2026-01-19,sz.002617,9.0500,9.5300,8.9900,9.2800,368192395,3389884018.5900,19.466100,7.159400
2026-01-20,sz.002617,9.0800,9.4500,8.9300,9.1800,255723794,2354853843.0800,13.520000,-1.077600
2026-01-21,sz.002617,9.0400,9.9900,8.9500,9.8100,361686327,3432891534.6400,19.122100,6.862700
2026-01-22,sz.002617,9.6300,9.7300,9.3300,9.4600,269399851,2551874323.8500,14.243000,-3.567800
2026-01-23,sz.002617,9.3600,9.8900,9.3100,9.6000,259531629,2475470034.7600,13.721300,1.479900
2026-01-26,sz.002617,9.5000,9.5700,9.0600,9.1500,197960403,1827273617.1600,10.466000,-4.687500
2026-01-27,sz.002617,9.0800,9.2800,8.7500,9.2100,155256587,1406341707.7400,8.208300,0.655700
2026-01-28,sz.002617,9.1600,9.2700,8.9800,8.9900,121970177,1108309868.7000,6.448500,-2.388700
2026-01-29,sz.002617,8.9200,9.0500,8.7800,8.7900,112076935,998943724.1800,5.925400,-2.224700
2026-01-30,sz.002617,8.7500,8.8500,8.4200,8.6000,100766091,865673501.8700,5.327400,-2.161500
2026-02-02,sz.002617,8.6600,8.7400,8.5100,8.5300,71645943,619214252.5100,3.787900,-0.814000
2026-02-03,sz.002617,8.6100,8.7500,8.5500,8.7400,80298737,696314530.1400,4.245300,2.461900
2026-02-04,sz.002617,8.7200,9.1100,8.6700,9.1000,151540448,1357598982.6000,8.011900,4.119000
2026-02-05,sz.002617,8.9500,8.9500,8.7700,8.7700,89136426,787958143.3800,4.712600,-3.626400
2026-02-06,sz.002617,8.6900,8.9300,8.5600,8.7300,67943053,596325425.3600,3.592100,-0.456100
2026-02-09,sz.002617,8.8600,9.0500,8.8400,9.0100,102967311,923049646.8600,5.443800,3.207300
2026-02-10,sz.002617,9.0100,9.0300,8.8500,8.8600,69566914,619785420.7300,3.678000,-1.664800
2026-02-11,sz.002617,8.8100,8.9100,8.7500,8.7600,53223826,468979268.9000,2.813900,-1.128700
2026-02-12,sz.002617,8.7800,8.9000,8.7200,8.8200,63400060,559877899.6300,3.351900,0.684900
2026-02-13,sz.002617,8.7600,8.8000,8.5700,8.5800,66479944,577123721.5600,3.514800,-2.721100
2026-02-24,sz.002617,9.2000,9.3200,8.9900,9.0100,172780933,1575334727.2100,9.134800,5.011700
2026-02-25,sz.002617,9.1600,9.2400,8.9800,9.1600,134784985,1232146849.8100,7.126000,1.664800
2026-02-26,sz.002617,9.1600,9.4800,9.1600,9.3600,185830311,1739138215.7100,9.824700,2.183400
2026-02-27,sz.002617,9.2500,9.4000,9.2100,9.3700,118986649,1109807419.5400,6.290800,0.106800
2026-03-02,sz.002617,9.1100,9.3300,9.0200,9.1000,107961593,986447436.6300,5.707900,-2.881500
2026-03-03,sz.002617,9.0900,9.1600,8.5500,8.5700,130726128,1149212920.4600,6.911400,-5.824200
2026-03-04,sz.002617,8.4300,8.7800,8.4000,8.5600,79906064,688027484.4600,4.224600,-0.116700
2026-03-05,sz.002617,8.7600,8.9800,8.7500,8.8300,109591512,974418571.8100,5.794000,3.154200
2026-03-06,sz.002617,8.7700,8.9200,8.7100,8.7700,69327355,611163726.6100,3.665300,-0.679500
2026-03-09,sz.002617,8.6200,8.8300,8.3400,8.8000,106316792,909378243.7000,5.620900,0.342100
2026-03-10,sz.002617,8.9200,9.0700,8.8800,8.9800,100978457,906954600.7900,5.338700,2.045500
2026-03-11,sz.002617,9.0000,9.0900,8.9600,8.9800,94340906,851349722.5400,4.987700,0.000000
2026-03-12,sz.002617,8.9300,9.0400,8.8200,8.9900,80442873,718920649.8900,4.253000,0.111400
2026-03-13,sz.002617,8.9500,9.0500,8.7500,8.7800,89919031,801174348.2600,4.754000,-2.335900
2026-03-16,sz.002617,8.8000,8.8500,8.5700,8.6700,66923834,579953233.5200,3.538200,-1.252800
2026-03-17,sz.002617,8.7100,8.7400,8.3100,8.3100,92397029,784747724.8200,4.885000,-4.152200
2026-03-18,sz.002617,8.3200,8.4400,8.2200,8.3400,67282317,559261303.6900,3.557200,0.361000
2026-03-19,sz.002617,8.2000,8.2100,7.9500,7.9900,87332377,703590545.9900,4.617200,-4.196600
2026-03-20,sz.002617,8.0200,8.1000,7.8100,7.8100,71089183,564443481.5600,3.758400,-2.252800
2026-03-23,sz.002617,7.6200,7.7500,7.3300,7.3900,77432808,584257089.0600,4.093800,-5.377700
2026-03-24,sz.002617,7.5300,7.6100,7.3500,7.6000,59809533,447787788.4400,3.162100,2.841700
2026-03-25,sz.002617,7.6200,7.8200,7.5900,7.7800,58082615,449751776.4600,3.070800,2.368400
2026-03-26,sz.002617,7.7600,7.8000,7.5400,7.5900,51165810,391922717.2000,2.705100,-2.442200
2026-03-27,sz.002617,7.4700,7.6900,7.4400,7.6200,39678598,301208556.0500,2.113200,0.395300
2026-03-30,sz.002617,7.4200,7.5100,7.2800,7.5000,56384860,417291788.2000,3.003000,-1.574800
2026-03-31,sz.002617,7.4800,7.5600,7.3000,7.3000,49870743,369682466.2500,2.656100,-2.666700
2026-04-01,sz.002617,7.4700,7.4900,7.3400,7.3800,38081370,281331547.7000,2.028200,1.095900
2026-04-02,sz.002617,7.3500,7.4000,7.1100,7.1500,51618670,372794022.8300,2.749200,-3.116500
2026-04-03,sz.002617,7.1500,7.4600,7.1500,7.2100,67391655,491448249.6700,3.589200,0.839200
2026-04-07,sz.002617,7.1800,7.2000,7.0600,7.1300,48274325,344150799.2000,2.571000,-1.109600
2026-04-08,sz.002617,7.2600,7.4800,7.2500,7.4800,68188433,503766550.2000,3.631600,4.908800
2026-04-09,sz.002617,7.4000,7.4000,7.2800,7.3100,41473973,304169972.4100,2.208900,-2.272700
2026-04-10,sz.002617,7.3900,7.9100,7.3500,7.6500,119294724,907314182.5000,6.353500,4.651200
2026-04-13,sz.002617,7.5000,7.6100,7.4900,7.5900,62031778,469497706.4800,3.303700,-0.784300
2026-04-14,sz.002617,7.6700,7.8500,7.5800,7.7300,76257310,586893586.1000,4.061400,1.844500
2026-04-15,sz.002617,7.7300,7.7700,7.6100,7.6400,57324879,439772607.1000,3.053100,-1.164300
2026-04-16,sz.002617,7.6300,7.6600,7.5800,7.6500,41217473,314533526.4000,2.195200,0.130900
2026-04-17,sz.002617,7.6600,7.7800,7.6200,7.7100,50722567,391120934.1800,2.701400,0.784300
2026-04-20,sz.002617,7.7200,7.9500,7.7200,7.8300,72519222,569461495.0900,3.862300,1.556400
2026-04-21,sz.002617,7.8000,7.8100,7.6500,7.7200,50768893,391207278.3500,2.703900,-1.404900
2026-04-22,sz.002617,7.7000,8.0100,7.6600,7.9600,92494441,731960498.8200,4.926100,3.108800
2026-04-23,sz.002617,7.9400,7.9700,7.8300,7.9100,64318745,507977417.4700,3.425500,-0.628100
2026-04-24,sz.002617,7.8900,8.0800,7.7900,7.9100,75333479,597812248.0000,4.012200,0.000000
2026-04-27,sz.002617,7.8500,7.9200,7.7400,7.7700,60461406,472307917.6300,3.220100,-1.769900
2026-04-28,sz.002617,7.6900,7.7000,7.4700,7.5100,74419662,563200166.3600,3.963500,-3.346200
2026-04-29,sz.002617,7.4100,7.7200,7.4100,7.6500,54428604,415882907.2700,2.898800,1.864200
2026-04-30,sz.002617,7.6700,7.7500,7.6500,7.6900,41688380,320923064.9500,2.220300,0.522900
2026-05-06,sz.002617,7.8400,8.0700,7.8400,8.0000,87679001,700121502.4700,4.669700,4.031200
2026-05-07,sz.002617,8.0800,8.1200,7.9700,8.0300,63505625,509427083.7500,3.382200,0.375000
2026-05-08,sz.002617,7.9700,8.0700,7.9400,8.0100,51436363,411764290.1800,2.739400,-0.249100
2026-05-11,sz.002617,8.0600,8.3500,8.0600,8.2700,108743595,894555666.7300,5.791600,3.245900
2026-05-12,sz.002617,8.2800,8.4300,8.1600,8.3300,105395778,877057231.3800,5.613300,0.725500
2026-05-13,sz.002617,8.2500,8.9300,8.2500,8.8200,199823749,1729942193.1600,10.642400,5.882400
2026-05-14,sz.002617,8.9000,9.7000,8.8000,9.7000,343566622,3204554189.2000,18.298000,9.977300
2026-05-15,sz.002617,10.1800,10.2400,9.2600,9.3600,500351151,4842604143.8000,26.648100,-3.505200
