日期,开盘,最高,最低,收盘,成交量,成交额,涨跌幅
2023-01-03,2339.9808,2361.5541,2312.3085,2356.4239,9365845448,152627467203.6900,0.411498
2023-01-04,2347.0029,2352.3338,2323.7221,2335.1221,9027929966,149861699100.3100,-0.903988
2023-01-05,2343.7817,2405.4316,2343.7154,2399.4583,8590783145,160292215194.7500,2.755154
2023-01-06,2392.6547,2442.2349,2391.3346,2422.1413,8557357302,157181250053.0100,0.945338
2023-01-09,2433.3456,2455.6004,2427.8074,2440.3660,7838829301,149210064017.0600,0.752421
2023-01-10,2441.4973,2478.8947,2435.1926,2474.0052,7200202658,141541422506.4200,1.378449
2023-01-11,2470.6386,2480.1628,2442.7336,2445.9713,7368472289,138781669012.1600,-1.133138
2023-01-12,2455.7327,2477.0119,2448.7586,2458.4938,7012168046,127785414707.8900,0.511964
2023-01-13,2475.1373,2493.1261,2462.8742,2493.1261,6812683853,133962975894.2300,1.408680
2023-01-16,2490.7199,2566.6857,2490.7199,2539.5215,8338168785,167307330860.2300,1.860933
2023-01-17,2540.5661,2556.6379,2535.1800,2545.5548,6746136451,128154312919.5300,0.237576
2023-01-18,2548.7025,2555.6853,2534.4270,2543.8965,6716568410,113906380109.7200,-0.065145
2023-01-19,2539.8909,2571.4374,2531.9563,2571.4374,7385281033,130129692638.7500,1.082627
2023-01-20,2580.2720,2588.8897,2571.8306,2585.9628,7728302294,136297789646.6200,0.564875
2023-01-30,2657.3927,2661.2809,2611.1292,2613.8853,12002957555,208487978656.0900,1.079772
2023-01-31,2608.1203,2618.2825,2575.5319,2580.8394,10462184695,170552974299.9800,-1.264244
2023-02-01,2592.4488,2613.6891,2572.3325,2613.6891,12898655493,201399494817.2900,1.272830
2023-02-02,2619.7930,2631.8576,2598.1219,2602.3165,13660870209,211650051421.9200,-0.435117
2023-02-03,2592.8431,2605.9951,2551.8259,2580.1109,12309943194,186534207194.7700,-0.853301
2023-02-06,2560.4600,2560.4600,2523.7094,2544.0914,12652245075,194303856253.9200,-1.396045
2023-02-07,2551.1325,2557.3815,2522.5464,2537.9691,13528086560,202624840509.2900,-0.240648
2023-02-08,2542.2444,2550.3748,2522.5259,2525.8766,12710467882,192298120812.7600,-0.476464
2023-02-09,2520.8304,2569.9905,2515.5096,2569.7332,13622555874,220053216065.3700,1.736292
2023-02-10,2567.0863,2571.1982,2531.8708,2545.1555,13819402899,217391931492.5800,-0.956430
2023-02-13,2546.1445,2576.0401,2540.8472,2573.1806,13684963855,225443625931.2900,1.101115
2023-02-14,2585.9668,2586.1806,2551.4699,2565.1548,12597304069,211129294401.5200,-0.311902
2023-02-15,2564.5395,2574.5809,2543.6356,2547.1974,14035388940,233089754456.9900,-0.700051
2023-02-16,2549.4271,2567.2928,2495.1588,2512.4990,17575855302,275151294430.3500,-1.362219
2023-02-17,2508.2593,2513.2058,2449.3507,2449.3507,13568793011,212894337189.8900,-2.513366
2023-02-20,2445.6428,2481.5721,2424.6296,2480.7942,11768567908,196563682128.4600,1.283748
2023-02-21,2473.5993,2480.3458,2452.8398,2469.8069,11555069922,185792994361.0300,-0.442894
2023-02-22,2452.3872,2470.4953,2446.1938,2451.8977,10386755698,167637129987.7200,-0.725126
2023-02-23,2450.9620,2470.3978,2446.4133,2457.4825,10869528840,171929629829.4100,0.227775
2023-02-24,2457.5323,2458.2909,2425.6600,2428.9355,9577546158,153040507019.3300,-1.161636
2023-02-27,2416.4277,2432.3882,2403.6546,2409.7944,9558140366,152559720607.0200,-0.788045
2023-02-28,2417.5752,2432.3225,2407.7561,2429.0274,10090406363,158373678655.1800,0.798118
2023-03-01,2428.0999,2449.4449,2415.9472,2443.9456,13033677088,200824530950.1100,0.614164
2023-03-02,2438.5823,2442.1912,2415.1239,2418.5978,13129803749,205869418811.0900,-1.037167
2023-03-03,2423.6724,2434.1244,2405.2961,2422.4366,11116052148,174398388403.1300,0.158720
2023-03-06,2421.4245,2435.9019,2393.9195,2431.5556,10438089211,184713858397.4300,0.376439
2023-03-07,2423.0259,2430.6445,2383.5039,2383.7311,11210705138,177715776455.6000,-1.966827
2023-03-08,2375.8663,2390.0664,2366.2457,2377.5842,9392376272,151496175140.7000,-0.257869
2023-03-09,2377.9748,2386.9006,2365.8624,2372.6799,11716153561,181848218757.3700,-0.206272
2023-03-10,2366.5897,2388.6118,2354.0233,2370.3585,12766955112,202767097321.0000,-0.097839
2023-03-13,2359.7210,2374.9685,2345.9891,2357.0683,12732621660,202169496121.9400,-0.560683
2023-03-14,2353.2096,2356.8966,2308.9324,2343.1099,13650216657,220442883280.7400,-0.592193
2023-03-15,2359.2222,2375.2849,2335.5942,2337.4635,11405070486,182131445116.8900,-0.240979
2023-03-16,2320.3831,2333.3108,2298.4400,2302.0494,11679601424,185717136755.4200,-1.515065
2023-03-17,2320.1982,2324.8314,2289.2803,2293.6705,14064456348,232373811601.6400,-0.363976
2023-03-20,2291.3855,2317.6364,2280.1358,2291.9180,15012082724,246621506869.3500,-0.076406
2023-03-21,2298.2809,2337.3708,2298.2809,2337.2571,13237525605,218400573643.3200,1.978216
2023-03-22,2348.5226,2358.6296,2330.8187,2341.9225,15933547604,258413138321.6300,0.199610
2023-03-23,2330.9810,2361.4086,2327.3858,2361.4086,14968263315,257765832179.9300,0.832056
2023-03-24,2366.4324,2373.7739,2355.7442,2370.3796,16502982145,284161560163.0700,0.379900
2023-03-27,2363.0068,2399.4382,2363.0068,2398.0155,17496042304,314602853165.4100,1.165885
2023-03-28,2389.8490,2389.9189,2364.6280,2369.1724,15132062682,272536055088.5900,-1.202790
2023-03-29,2371.2976,2381.9967,2367.3817,2371.1905,13964539043,254717188756.4400,0.085182
2023-03-30,2370.7328,2384.9590,2362.6579,2383.0375,12673556322,229091010177.8800,0.499622
2023-03-31,2386.8608,2402.5495,2385.4145,2399.5025,13863571403,246018793682.9700,0.690925
2023-04-03,2406.1367,2442.9672,2406.1367,2440.2072,17961460494,337935189324.5900,1.696381
2023-04-04,2441.4265,2442.5741,2407.4842,2421.6548,18111865246,350415285202.0100,-0.760280
2023-04-06,2404.2617,2428.8013,2402.3041,2426.5673,16454605846,317174192905.1100,0.202857
2023-04-07,2421.7507,2454.0443,2421.0606,2446.9454,15856176911,287517584632.3400,0.839791
2023-04-10,2457.1934,2461.2966,2432.0494,2443.5213,16629821707,315900525015.9500,-0.139934
2023-04-11,2449.2718,2463.2724,2426.6660,2439.3958,14586941913,271566220624.5900,-0.168834
2023-04-12,2436.8934,2440.3275,2417.2792,2429.2934,16391801027,295939807922.2600,-0.414135
2023-04-13,2418.2704,2426.8343,2403.9156,2405.7605,17031968041,302326237641.5100,-0.968714
2023-04-14,2409.7746,2432.3628,2409.6017,2428.0904,15252092627,285763631426.3200,0.928185
2023-04-17,2420.0125,2440.7302,2420.0125,2434.4417,13807013991,251316874814.9600,0.261576
2023-04-18,2428.1834,2443.7716,2423.9301,2431.0996,12992223709,251226563060.7200,-0.137284
2023-04-19,2429.3269,2429.3269,2413.3361,2415.7604,13936065325,265017992563.9000,-0.630957
2023-04-20,2414.0086,2414.0086,2378.0547,2386.6739,14935868912,285087488110.1000,-1.204031
2023-04-21,2393.1918,2400.7886,2340.6149,2341.1909,16890525180,311546688509.0500,-1.905707
2023-04-24,2337.3805,2340.2588,2288.7846,2301.2384,15142569558,272656669111.2100,-1.706503
2023-04-25,2302.8590,2305.9160,2243.8331,2259.1931,17121368168,294290991346.2200,-1.827073
2023-04-26,2249.5327,2306.6584,2247.9467,2294.0569,16782038060,314275575016.4700,1.543197
2023-04-27,2283.6322,2315.3208,2281.6033,2307.2706,15902928143,277678287693.8300,0.575997
2023-04-28,2309.3500,2328.8868,2303.3084,2324.7152,16771949724,283558796605.7500,0.756071
2023-05-04,2316.3326,2319.8279,2290.9164,2297.6699,16668372200,272537466995.8300,-1.163381
2023-05-05,2291.2397,2293.8370,2260.6359,2267.6319,15163137435,254748164385.0900,-1.307324
2023-05-08,2274.7166,2277.2260,2251.7719,2273.4005,14870203594,248858059966.1500,0.254389
2023-05-09,2270.7618,2277.2879,2245.7194,2245.8233,15619650745,255724465990.9600,-1.213037
2023-05-10,2241.4357,2273.6767,2228.1796,2262.2174,13868070197,236371134826.1100,0.729982
2023-05-11,2264.9012,2296.4515,2264.8588,2276.5712,13549642136,226973678883.8200,0.634501
2023-05-12,2277.4225,2287.4738,2251.7568,2252.3800,13002908941,208689314139.5500,-1.062616
2023-05-15,2259.1692,2299.9303,2257.8227,2299.9303,12947457590,222355574172.7500,2.111114
2023-05-16,2300.7965,2307.1709,2286.2283,2294.1919,12863207170,220553854690.1200,-0.249503
2023-05-17,2293.5493,2300.2870,2281.1662,2293.6444,12639306745,211550978096.6300,-0.023865
2023-05-18,2299.6302,2300.6163,2264.8365,2277.9739,14908679210,255173128167.8200,-0.683214
2023-05-19,2275.8039,2293.0977,2270.3890,2278.5850,13507144902,241839942937.4700,0.026826
2023-05-22,2278.7077,2291.3305,2265.7560,2280.1507,12239406129,211845446721.9200,0.068714
2023-05-23,2282.9001,2284.0747,2253.3306,2253.3306,12503514156,213207363330.3900,-1.176242
2023-05-24,2245.4710,2268.8624,2239.8984,2245.2566,12438088476,224357027096.2200,-0.358314
2023-05-25,2245.3109,2257.2210,2228.8445,2244.1843,14140606955,251796777149.0100,-0.047758
2023-05-26,2244.3417,2244.3417,2215.2858,2229.2677,13515733097,245267905550.0100,-0.664678
2023-05-29,2236.9814,2238.4012,2196.0637,2203.8420,14669596025,263921271799.4800,-1.140540
2023-05-30,2200.8006,2218.6032,2180.6997,2218.6032,15180316659,273293182976.5200,0.669794
2023-05-31,2215.2722,2215.4919,2183.4214,2193.4082,15019960872,274135420647.6500,-1.135624
2023-06-01,2191.8013,2225.1253,2184.9158,2206.4263,16276989982,286616586686.5800,0.593510
2023-06-02,2213.7728,2240.5664,2211.9821,2233.2748,14717787286,265690732922.5500,1.216832
2023-06-05,2226.2029,2226.5913,2195.6628,2202.1357,13174330134,242196508596.2300,-1.394325
2023-06-06,2196.9778,2197.5763,2162.7153,2164.8106,14725182078,257264257507.9000,-1.694950
2023-06-07,2159.1632,2162.5643,2124.5248,2129.8978,12460510246,230680250148.8600,-1.612742
2023-06-08,2136.0211,2139.9588,2118.3309,2123.9610,13006377710,235743354392.4500,-0.278736
2023-06-09,2122.1598,2143.0092,2118.7919,2143.0092,14677846357,267310769106.8400,0.896824
2023-06-12,2135.8816,2162.5282,2131.1183,2152.4223,14021192244,251253081670.1200,0.439247
2023-06-13,2148.3950,2169.6559,2147.5628,2166.9623,14581124995,253162494339.4400,0.675518
2023-06-14,2175.9161,2177.8038,2163.3402,2163.3402,15175834658,267713767692.6100,-0.167151
2023-06-15,2174.5351,2237.7396,2174.5351,2237.7396,15829428521,296284591816.4800,3.439098
2023-06-16,2243.5365,2272.0163,2234.4760,2270.0645,15200562507,288442381511.2900,1.444534
2023-06-19,2271.7623,2276.5568,2257.6381,2265.1846,15942874761,308533265547.6100,-0.214967
2023-06-20,2264.1828,2277.3299,2257.8783,2271.4190,16147927417,305795153831.4700,0.275227
2023-06-21,2260.5047,2266.7598,2211.8363,2211.8363,15502666527,290049731477.2600,-2.623149
2023-06-26,2185.1490,2212.4118,2171.5861,2186.2528,14146620120,257143588267.7800,-1.156663
2023-06-27,2186.1614,2205.5625,2179.3171,2191.8277,11914802312,204714085993.9400,0.254998
2023-06-28,2184.9892,2189.0202,2160.1929,2182.0951,13730394459,231871995833.7300,-0.444040
2023-06-29,2178.8820,2194.2511,2178.4343,2180.0625,12838749645,227317774850.8100,-0.093149
2023-06-30,2178.5333,2227.9947,2171.4199,2215.0012,13228802028,245110734605.1600,1.602647
2023-07-03,2223.3298,2239.4316,2215.3569,2228.2109,13975403653,252127164640.0300,0.596374
2023-07-04,2222.3271,2234.8647,2215.7657,2232.7501,12716374550,232240918579.3000,0.203715
2023-07-05,2235.2004,2239.9285,2209.1059,2212.4152,12264323844,225268483975.6800,-0.910756
2023-07-06,2206.3008,2218.3940,2190.0310,2192.1867,11684192206,210388368140.5200,-0.914318
2023-07-07,2185.7252,2186.0365,2169.2084,2169.2084,11705357183,211098756135.2900,-1.048191
2023-07-10,2174.3319,2213.7611,2174.3319,2198.8648,11073640366,198423975002.6000,1.367153
2023-07-11,2202.9343,2217.6570,2194.1659,2216.7788,11076393036,196512414172.0000,0.814693
2023-07-12,2216.0298,2217.7505,2194.6138,2196.8515,13246033527,236573497923.2100,-0.898930
2023-07-13,2208.2238,2238.6743,2208.2238,2237.5150,13116888147,246558003207.5100,1.850990
2023-07-14,2237.2448,2239.4249,2221.7850,2224.0964,13568153830,254763645259.2700,-0.599710
2023-07-17,2212.7629,2214.4247,2198.2662,2207.4445,11985408404,218521836365.3400,-0.748704
2023-07-18,2215.0540,2215.2489,2196.2295,2200.6187,11217881634,201789549564.3400,-0.309217
2023-07-19,2196.5878,2201.4299,2170.3301,2177.2466,10268714866,185985354722.0100,-1.062069
2023-07-20,2180.7136,2199.6418,2153.9783,2155.6474,11746846953,209280486384.1500,-0.992042
2023-07-21,2151.8514,2177.8005,2151.0660,2163.1174,11089198546,190375081537.5000,0.346532
2023-07-24,2148.2861,2167.1883,2142.9089,2146.9292,9256339854,161858572808.9700,-0.748374
2023-07-25,2183.0467,2195.7515,2169.7229,2192.8972,11869338271,213431234215.8600,2.141105
2023-07-26,2185.8106,2194.5389,2180.2042,2191.1693,11543345966,192255014526.2000,-0.078795
2023-07-27,2199.4812,2205.7163,2180.6927,2184.0965,11159536578,187908704557.3400,-0.322787
2023-07-28,2176.4863,2224.0270,2172.3724,2219.5376,12580252220,211115649830.9500,1.622689
2023-07-31,2233.2644,2256.0536,2230.1340,2236.6732,14374011873,232939804605.9300,0.772035
2023-08-01,2234.6149,2249.3836,2215.5771,2223.7958,12434389881,207926828383.0700,-0.575739
2023-08-02,2220.7696,2231.8681,2213.0413,2218.5654,10590645699,178730570579.1100,-0.235201
2023-08-03,2214.0883,2242.5735,2214.0883,2241.9832,10335933479,180689478731.6300,1.055538
2023-08-04,2263.4041,2282.6477,2247.8998,2263.3732,13503220959,238967067398.1000,0.954066
2023-08-07,2252.4345,2255.9991,2234.0409,2240.7749,12109259390,214979515249.5900,-0.998435
2023-08-08,2238.6632,2244.8974,2226.2386,2228.9091,11434137582,200770407707.1800,-0.529540
2023-08-09,2222.5100,2241.8739,2222.5100,2228.7310,11321718205,201016594877.7700,-0.007990
2023-08-10,2226.9126,2241.8498,2220.8318,2239.3064,10240798460,186974566185.7600,0.474503
2023-08-11,2241.4811,2241.4811,2187.0362,2187.0362,10873884438,193888470356.1600,-2.334214
2023-08-14,2163.2801,2170.2206,2139.9729,2164.6928,10204748274,190280250137.9300,-1.021629
2023-08-15,2164.8197,2171.5642,2130.3819,2148.6738,10008744870,191214117237.6800,-0.740013
2023-08-16,2140.0059,2158.0038,2132.8876,2132.9695,10059962851,188713358173.7900,-0.730883
2023-08-17,2130.5403,2151.2273,2113.3043,2147.0612,10862412231,198301211406.7800,0.660661
2023-08-18,2145.7965,2156.1726,2118.9245,2118.9245,11352980757,202415561874.8100,-1.310475
2023-08-21,2108.6999,2115.0199,2084.9693,2084.9693,9967575162,181759441260.4700,-1.602473
2023-08-22,2099.8415,2104.7360,2049.0910,2086.9407,12229244318,221366459269.0400,0.094553
2023-08-23,2081.2143,2081.2143,2038.9756,2038.9756,11059923832,193737916589.7100,-2.298345
2023-08-24,2050.5340,2083.6437,2042.5799,2064.5734,12847744839,219149881188.4700,1.255425
2023-08-25,2053.6485,2059.1489,2032.5815,2040.3988,13771607667,219029519938.8000,-1.170925
2023-08-28,2182.3865,2182.3865,2055.6104,2060.0436,17146028935,283471082311.0800,0.962792
2023-08-29,2054.9764,2133.5971,2054.9764,2118.1941,16568480189,284246312570.6700,2.822780
2023-08-30,2122.6486,2141.5986,2110.8736,2117.1255,15849456755,273991472549.3800,-0.050449
2023-08-31,2111.0204,2117.4018,2100.7272,2102.5750,12543690469,216620144440.7800,-0.687276
2023-09-01,2108.0770,2118.5107,2093.0988,2100.2576,10802689501,187182290919.1100,-0.110217
2023-09-04,2110.1687,2120.9773,2088.9936,2118.0337,12036186344,200377646375.2800,0.846377
2023-09-05,2113.5953,2122.6238,2107.8610,2111.3270,12931906318,218205935710.1700,-0.316647
2023-09-06,2103.2972,2105.1003,2089.4531,2101.3978,13477980827,228007491378.7500,-0.470282
2023-09-07,2096.6150,2097.2843,2056.9800,2056.9800,13767550881,228191030066.5100,-2.113726
2023-09-08,2047.6003,2057.1231,2038.5707,2049.7650,13078741309,217255126245.4200,-0.350757
2023-09-11,2048.9499,2076.9030,2041.7653,2063.1889,13859328746,237480107796.8300,0.654899
2023-09-12,2060.6204,2063.9247,2049.4825,2051.0388,12153079334,205046867471.4400,-0.588899
2023-09-13,2045.3142,2053.4546,2015.3944,2027.7293,12360496945,200110855471.7100,-1.136473
2023-09-14,2021.5972,2024.8586,2002.4311,2011.8831,11042111423,182614025229.1100,-0.781475
2023-09-15,2009.3269,2022.9440,1996.1217,2002.7279,10671293395,185265092175.6300,-0.455056
2023-09-18,1994.8683,2033.1465,1993.6795,2020.4668,10542289060,180955526490.0700,0.885737
2023-09-19,2017.8896,2017.8896,1995.2407,2002.6646,9906011077,159619078221.1300,-0.881093
2023-09-20,2000.7189,2001.5035,1987.2960,1987.2960,9033460418,146855175047.9400,-0.767408
2023-09-21,1983.0200,1990.3284,1967.6072,1967.6072,9224867867,148746720220.8000,-0.990733
2023-09-22,1965.6924,2013.9555,1963.2326,2013.3442,11925254760,206584120250.7800,2.324499
2023-09-25,2015.3155,2015.3155,2000.8119,2005.2552,11748422109,199360546120.3600,-0.401769
2023-09-26,2000.2311,2007.9100,1989.6504,1989.8280,11087291796,192374734895.9100,-0.769338
2023-09-27,1994.0131,2027.8181,1990.1578,2006.2235,11658266128,201252543577.9900,0.823966
2023-09-28,2013.6210,2019.2870,1995.5589,2003.9080,12042498547,200978705556.1800,-0.115416
2023-10-09,2000.1341,2006.4277,1977.7743,1998.6074,13415318503,221438266830.4200,-0.264513
2023-10-10,2004.9469,2014.2973,1987.3511,1987.9379,13974544945,226066308860.3200,-0.533847
2023-10-11,2000.5151,2021.1074,1996.8196,2003.9016,14837112333,247077894467.9300,0.803028
2023-10-12,2015.5463,2022.3614,2001.9055,2019.1024,13624705064,226933396840.5100,0.758560
2023-10-13,2004.2049,2005.7185,1986.1885,1996.6013,14113785571,236023608147.0800,-1.114411
2023-10-16,1993.9070,1994.2638,1949.3257,1956.7227,14035802335,223196177548.2300,-1.997324
2023-10-17,1963.8281,1969.4698,1950.3316,1961.8859,12895399921,201646435194.8400,0.263870
2023-10-18,1952.9964,1952.9964,1934.8436,1938.4351,13083268125,199483780721.3100,-1.195319
2023-10-19,1925.5329,1936.2160,1913.4254,1913.7019,13424396822,203613714917.5300,-1.275936
2023-10-20,1899.9853,1922.9334,1893.9501,1896.9455,12406771529,189423730966.5200,-0.875601
2023-10-23,1891.4849,1891.4849,1854.4451,1864.9086,12623196366,183005785195.1700,-1.688868
2023-10-24,1872.2906,1890.0990,1859.8643,1880.8143,13651282901,211780801100.0100,0.852894
2023-10-25,1890.4845,1894.5350,1863.7682,1863.7961,15174534645,235104985717.6600,-0.904831
2023-10-26,1851.1925,1877.4476,1840.2577,1875.8575,15525630401,243588922133.8500,0.647142
2023-10-27,1868.2260,1937.3132,1863.5267,1929.9086,17262581242,275588389649.2900,2.881408
2023-10-30,1933.7894,1983.4648,1931.7009,1977.6856,16898044614,277974575664.6600,2.475609
2023-10-31,1974.7999,1975.3949,1958.3518,1968.2265,15886551014,244733927546.5700,-0.478291
2023-11-01,1969.0784,1971.4133,1949.9935,1959.1272,13878258170,210375564164.0100,-0.462310
2023-11-02,1964.4300,1973.2285,1939.4120,1939.7046,14562587936,213841386899.0100,-0.991390
2023-11-03,1943.2141,1975.5195,1943.2141,1968.2127,14749044984,223799899621.8900,1.469713
2023-11-06,1984.3320,2034.5690,1984.3320,2032.3353,17563397496,283139951275.6700,3.257910
2023-11-07,2025.1031,2031.7918,2012.0582,2022.7657,17347538162,280931100015.2800,-0.470867
2023-11-08,2016.6031,2035.9110,2010.0187,2023.1297,19609419055,303574269257.2400,0.017995
2023-11-09,2019.6861,2035.4229,2013.5089,2018.3848,17429252930,278698584196.9700,-0.234533
2023-11-10,2006.0868,2011.9331,2000.4889,2005.2352,14476367375,227996070817.0100,-0.651491
2023-11-13,2018.8269,2022.8446,1998.0240,2009.2144,15452093409,250630431980.6400,0.198441
2023-11-14,2008.2934,2024.6555,1995.7609,2004.8127,15463688481,256261895211.3700,-0.219076
2023-11-15,2032.2618,2033.3889,2008.4824,2015.3643,16340058140,281003843341.5000,0.526314
2023-11-16,2012.1976,2012.1976,1978.1182,1978.1182,15328492208,247460902420.9400,-1.848108
2023-11-17,1971.2227,1986.6651,1971.2227,1986.5259,14370069570,230291354015.8000,0.425035
2023-11-20,1987.8540,1998.0978,1969.9187,1992.9701,16206868841,259665193812.1700,0.324395
2023-11-21,2001.0686,2014.5945,1981.2853,1984.2710,17801649357,274410869075.5800,-0.436489
2023-11-22,1973.6605,1980.0154,1950.0079,1950.0079,15677683710,243361364853.1000,-1.726735
2023-11-23,1945.9010,1961.3513,1940.2095,1961.3513,13784032325,212620128729.3100,0.581710
2023-11-24,1960.3759,1960.3759,1935.0018,1937.9399,14548033528,217905113884.7900,-1.193636
2023-11-27,1936.6124,1936.6124,1916.5498,1926.2010,13546900938,209415837373.8800,-0.605741
2023-11-28,1923.3566,1938.7285,1918.3522,1938.4232,12460617446,195492792825.4100,0.634524
2023-11-29,1934.5542,1937.8480,1917.2192,1917.9031,12125665201,191403583258.5700,-1.058598
2023-11-30,1915.0454,1932.8257,1912.1720,1922.5913,12259673144,196011124535.6300,0.244444
2023-12-01,1922.3703,1934.0906,1904.6465,1926.2836,13843008829,219712076027.5700,0.192048
2023-12-04,1923.2158,1926.1658,1908.5341,1908.9168,14136931440,228051306187.4400,-0.901570
2023-12-05,1900.9861,1905.7283,1870.9822,1871.0962,13180136733,211550517398.6200,-1.981260
2023-12-06,1867.4996,1898.6007,1866.9039,1881.9416,13390051194,206775543403.9200,0.579628
2023-12-07,1877.0322,1888.7512,1864.2371,1877.2115,13614396985,215996620410.9700,-0.251341
2023-12-08,1881.1037,1896.7798,1870.8816,1892.1781,14816516950,250378805654.6200,0.797278
2023-12-11,1880.5784,1919.8354,1866.0928,1915.7366,13483863870,222977516347.0600,1.245047
2023-12-12,1909.5978,1913.2919,1899.5637,1903.8712,12145861102,204899174059.8300,-0.619365
2023-12-13,1899.3386,1899.9342,1871.7749,1872.3413,11899321429,191352708660.7600,-1.656094
2023-12-14,1884.5455,1895.5986,1859.2488,1860.5132,11178664619,178077800795.5900,-0.631728
2023-12-15,1869.5140,1877.7751,1844.1809,1848.5008,10765898804,172364278933.1100,-0.645650
2023-12-18,1839.3158,1845.9690,1814.9304,1819.9955,10105358970,162340642405.2000,-1.542077
2023-12-19,1818.8754,1837.9440,1813.6008,1827.6723,9312253514,154728750888.5200,0.421803
2023-12-20,1830.7213,1832.3132,1802.3555,1802.8812,10059199471,163655254902.3100,-1.356430
2023-12-21,1795.2735,1840.9646,1792.3760,1832.6157,11119992895,183372296649.5400,1.649277
2023-12-22,1827.6841,1848.3172,1812.7649,1825.8423,13002559204,201707309359.4400,-0.369603
2023-12-25,1820.2525,1838.1286,1820.2196,1831.5687,9261320156,142625510566.2200,0.313631
2023-12-26,1828.5587,1829.8709,1801.3791,1808.4998,9464989954,145227586240.3200,-1.259516
2023-12-27,1813.0533,1818.0504,1796.6952,1809.8320,9551734737,145352659058.8600,0.073663
2023-12-28,1806.7874,1887.1471,1804.6968,1879.4965,12170714103,200538078814.0800,3.849225
2023-12-29,1879.5348,1897.6723,1878.0422,1891.3665,12243719957,201287292774.4000,0.631552
2024-01-02,1889.0226,1889.0226,1855.7274,1855.9217,11595394570,179336679576.0500,-1.874031
2024-01-03,1850.1609,1856.4390,1825.5453,1834.7319,10753667822,167194107306.3100,-1.141740
2024-01-04,1831.2947,1831.3827,1794.0021,1801.7607,9399127020,150294363209.6900,-1.797058
2024-01-05,1798.8174,1815.0726,1765.7241,1775.5767,10169629728,159496421601.8400,-1.453245
2024-01-08,1769.3250,1779.3784,1744.2384,1744.4114,8996973808,142332496824.8500,-1.755221
2024-01-09,1749.7650,1774.3189,1737.9953,1750.7751,9976519251,152590701411.9600,0.364805
2024-01-10,1741.1261,1771.6803,1726.5562,1743.1977,9860194078,145099691648.5300,-0.432803
2024-01-11,1744.3012,1790.3265,1739.1582,1777.2723,10495536571,163904546781.1900,1.954718
2024-01-12,1770.9683,1785.5133,1760.8746,1761.1599,10231773981,152978543837.0800,-0.906580
2024-01-15,1751.5243,1766.2580,1738.5435,1745.6087,8619686304,130386881951.0800,-0.883009
2024-01-16,1741.3680,1755.3843,1724.6364,1752.2300,9626025853,145248422620.5700,0.379312
2024-01-17,1747.7724,1747.7724,1699.6196,1699.6196,8629963845,132832551235.0500,-3.002483
2024-01-18,1685.9373,1735.0922,1678.4336,1732.3577,12094122741,182209019572.2500,1.926202
2024-01-19,1726.5473,1743.3018,1714.5068,1715.4361,9410327742,148549402466.8100,-0.976796
2024-01-22,1710.2901,1714.9285,1657.3536,1666.8795,11773259633,174689051023.8500,-2.830569
2024-01-23,1663.9823,1700.5684,1655.2030,1687.6136,10646550151,159109087023.2000,1.243887
2024-01-24,1696.5607,1700.7744,1642.1633,1696.1879,11423779821,162853578351.9000,0.508072
2024-01-25,1686.5468,1720.8506,1672.0680,1720.7833,12286814240,181545583126.7100,1.450040
2024-01-26,1703.4752,1714.5341,1679.3411,1682.4777,11735174665,170491394057.2600,-2.226056
2024-01-29,1680.1497,1685.6016,1623.8123,1623.8123,11052971075,162726679942.0600,-3.486846
2024-01-30,1613.4633,1631.5289,1582.4215,1583.7707,9533713989,131103400738.5500,-2.465901
2024-01-31,1585.2137,1601.8871,1573.1644,1573.3719,13011629546,166572423229.7800,-0.656585
2024-02-01,1567.8317,1616.4019,1563.3771,1589.0373,11866309271,150465715465.7900,0.995658
2024-02-02,1585.9573,1595.9834,1512.0616,1550.3739,13968097378,165877906814.4500,-2.433134
2024-02-05,1534.1891,1600.3305,1482.9858,1562.6096,18479132936,196172868062.3400,0.789210
2024-02-06,1544.9599,1668.8917,1544.4974,1667.4452,18371612237,198499862838.7000,6.709008
2024-02-07,1663.1765,1711.4172,1658.4650,1707.0199,18908813242,210687215918.8400,2.373373
2024-02-08,1716.6282,1764.3906,1713.7691,1726.8587,19233788192,219535023776.6000,1.162189
2024-02-19,1752.8630,1752.8630,1722.8389,1746.4222,18244883321,221972513028.1400,1.132895
2024-02-20,1739.0348,1749.2696,1722.4911,1746.1764,14786814760,196270502338.1600,-0.014074
2024-02-21,1728.4515,1783.8122,1724.2907,1752.4784,17750909315,227652468774.6800,0.360903
2024-02-22,1752.7935,1761.1207,1742.1450,1757.8694,15624221446,204125664577.6300,0.307621
2024-02-23,1766.9568,1767.2633,1742.4919,1758.1927,18445976150,243084226812.3800,0.018392
2024-02-26,1752.7557,1768.0954,1738.3343,1751.7029,19243744760,254309133426.6400,-0.369118
2024-02-27,1743.4900,1793.9788,1740.8334,1793.9788,18662735211,264736013369.5100,2.413417
2024-02-28,1799.6075,1829.1432,1748.9697,1748.9697,26146093654,347604753266.0500,-2.508898
2024-02-29,1739.9726,1809.6633,1739.9726,1807.0344,18685982719,257163352226.0200,3.319937
2024-03-01,1808.1959,1830.9388,1795.8515,1824.0345,17922315519,265744413293.3400,0.940773
2024-03-04,1827.1288,1847.2466,1817.6594,1834.8331,17918212765,267809096640.6900,0.592017
2024-03-05,1818.5945,1843.0797,1813.2658,1833.6608,17027583967,265925759287.5300,-0.063891
2024-03-06,1822.5394,1855.6133,1810.8984,1832.5804,15030689911,227200848064.3000,-0.058920
2024-03-07,1830.2576,1838.7138,1789.8664,1789.9361,16477103214,238945039111.2900,-2.327008
2024-03-08,1793.5112,1813.0993,1779.7677,1807.2940,13711512013,207854018403.5500,0.969750
2024-03-11,1817.0723,1890.8692,1812.7864,1890.4099,16052989215,256133875994.2100,4.598914
2024-03-12,1896.4513,1915.0939,1885.6388,1906.0366,18520382127,280641919112.3700,0.826630
2024-03-13,1911.9807,1911.9807,1890.6576,1895.1475,18174546447,276725513279.6300,-0.571295
2024-03-14,1895.7262,1912.1126,1870.0159,1883.0206,16397645489,249070106777.7800,-0.639892
2024-03-15,1877.5695,1886.9511,1848.2240,1884.0881,14867233884,237382152552.8300,0.056691
2024-03-18,1906.1159,1926.3963,1902.1334,1926.3963,17879297720,285294742186.0700,2.245553
2024-03-19,1917.9205,1925.6946,1906.9385,1906.9385,17310343538,277456760587.3500,-1.010062
2024-03-20,1898.1836,1915.4650,1897.6004,1909.2454,17306347600,269810124050.1000,0.120974
2024-03-21,1912.8087,1920.5541,1897.0468,1897.0943,18896118564,284068913944.0000,-0.636435
2024-03-22,1893.1404,1897.3081,1860.3535,1869.1747,20089479157,295657843340.4700,-1.471703
2024-03-25,1864.5316,1871.0637,1833.1026,1833.4412,17940217662,268690216350.1400,-1.911726
2024-03-26,1832.6553,1856.2045,1829.4772,1841.5352,16373693927,253211554015.6700,0.441465
2024-03-27,1840.1928,1840.1928,1789.8191,1789.8191,16045045839,226295560925.0600,-2.808314
2024-03-28,1790.5802,1829.4734,1787.9645,1806.8968,16655723446,237575033721.1800,0.954158
2024-03-29,1806.6718,1822.7494,1800.2031,1818.2032,15479127806,217252295265.9200,0.625736
2024-04-01,1833.4916,1872.1179,1833.4916,1872.1179,16204739569,240420692420.5200,2.965274
2024-04-02,1869.3232,1869.9583,1851.2505,1860.4936,16803084174,244229792529.8100,-0.620917
2024-04-03,1853.5577,1853.8717,1839.2056,1840.4120,15206556459,218014560504.6300,-1.079369
2024-04-08,1834.4528,1840.5498,1807.0481,1807.0481,14132602171,202923012586.0600,-1.812850
2024-04-09,1807.4784,1827.6764,1801.7080,1827.5788,12354462173,183115355162.0600,1.136146
2024-04-10,1818.4051,1818.7336,1781.1298,1789.9413,13471646126,188668185938.0600,-2.059419
2024-04-11,1777.2010,1799.8605,1775.6586,1782.0853,12646914814,180139137963.4300,-0.438897
2024-04-12,1780.9897,1789.2742,1760.9438,1762.8771,12482530622,181935202186.4500,-1.077850
2024-04-15,1770.1721,1807.9472,1770.1721,1795.5179,16822171379,217304264348.9800,1.851564
2024-04-16,1783.5707,1791.2994,1759.5126,1760.2004,17282640060,209825212204.4800,-1.966981
2024-04-17,1765.2855,1797.5516,1765.2855,1797.3113,15999022061,207002813099.4600,2.108334
2024-04-18,1784.7823,1807.7854,1765.6989,1787.4886,14937289504,205378631363.0800,-0.546522
2024-04-19,1772.1813,1775.3760,1740.4014,1756.0006,13955355741,191991204458.2900,-1.761578
2024-04-22,1739.0072,1766.2502,1735.2839,1750.4634,13205454536,178696500220.0000,-0.315330
2024-04-23,1753.5836,1764.7738,1740.7905,1753.1612,12954919613,178489066068.9900,0.154119
2024-04-24,1757.3111,1768.2376,1744.3599,1765.4103,15021662250,208741312294.4000,0.698686
2024-04-25,1753.1224,1778.7992,1747.8189,1764.7274,15140572110,206301774627.3200,-0.038682
2024-04-26,1767.7217,1826.4903,1767.7217,1823.7415,18437565817,263592819865.1300,3.344092
2024-04-29,1831.4445,1904.9152,1831.4445,1887.5712,18674546038,277576503879.9200,3.499931
2024-04-30,1874.6798,1878.8330,1857.7639,1858.3934,16218072129,219039007967.7700,-1.545785
2024-05-06,1896.8410,1907.0213,1889.7825,1895.2075,16104046487,235736178830.7200,1.980964
2024-05-07,1896.7246,1900.9438,1888.2556,1892.5393,16471867387,236764583670.5800,-0.140787
2024-05-08,1887.8244,1887.8244,1863.2157,1865.1079,16594153850,225525079037.7100,-1.449449
2024-05-09,1872.7042,1903.1118,1872.7042,1900.0092,15827582253,228084250434.8900,1.871275
2024-05-10,1899.0514,1900.1003,1872.0711,1878.1652,16349720405,225068982859.0800,-1.149679
2024-05-13,1859.3437,1876.1722,1851.2545,1860.3664,14880197328,206351333599.7400,-0.947670
2024-05-14,1864.3854,1873.1381,1851.3865,1855.5976,14787392460,192341185283.8300,-0.256337
2024-05-15,1857.5763,1866.4127,1837.5414,1838.8872,14005874948,179896392038.4700,-0.900540
2024-05-16,1846.9782,1861.3779,1837.0157,1844.2111,14706886495,190380835635.8100,0.289517
2024-05-17,1838.9850,1865.8982,1833.4336,1864.9391,14978956207,208187423488.5100,1.123949
2024-05-20,1869.5451,1887.0544,1865.8811,1875.9276,15627754641,217240081792.5900,0.589215
2024-05-21,1871.7788,1873.0869,1855.4365,1861.4815,13908143458,186846175948.9500,-0.770078
2024-05-22,1863.1413,1883.1740,1855.2540,1877.9267,13846886278,204131635426.6700,0.883447
2024-05-23,1876.5613,1879.6212,1847.6946,1852.0670,15226521460,218396406983.7400,-1.377035
2024-05-24,1845.0129,1861.9299,1818.1375,1818.5616,13962533376,203692809136.2300,-1.809081
2024-05-27,1824.1652,1832.8193,1802.7655,1830.9578,13643321884,190361238785.2200,0.681649
2024-05-28,1824.0874,1827.7442,1805.6485,1806.2546,13448761908,190307684090.8500,-1.349195
2024-05-29,1808.4851,1832.7146,1804.1108,1811.0683,13186561325,185223719925.5500,0.266502
2024-05-30,1810.6572,1820.2943,1805.3488,1813.1545,12900486553,179770180694.8000,0.115192
2024-05-31,1812.6117,1831.7146,1805.1089,1805.1089,14076725088,198011043280.1800,-0.443735
2024-06-03,1806.4086,1823.5114,1800.1985,1819.4552,15195340795,215819689649.3400,0.794761
2024-06-04,1816.3676,1848.5600,1815.0715,1843.5924,14882948572,201924036762.9600,1.326617
2024-06-05,1840.0790,1858.6855,1833.5495,1833.5495,13599889062,182175291942.2900,-0.544746
2024-06-06,1840.2460,1845.5451,1815.2781,1820.4485,17243187186,216374277837.5700,-0.714516
2024-06-07,1812.4559,1820.7396,1764.8359,1781.0700,13311703706,182415895155.2600,-2.163121
2024-06-11,1766.9153,1791.0014,1761.5843,1787.3016,12264814457,168041545947.0200,0.349880
2024-06-12,1779.3179,1789.4109,1778.1281,1779.4182,12699954646,174965478553.4200,-0.441078
2024-06-13,1786.1053,1799.0904,1776.0811,1777.7911,12865666470,190676046761.6800,-0.091440
2024-06-14,1777.2750,1792.8048,1758.8892,1791.3620,12908181077,212608001039.0700,0.763357
2024-06-17,1780.9359,1810.9990,1780.5130,1806.1930,12176203484,190652324806.2900,0.827918
2024-06-18,1805.1590,1822.1146,1802.6264,1811.3649,13548671185,200164039136.6900,0.286343
2024-06-19,1816.0598,1816.0598,1788.1729,1788.4956,13959257786,200310056000.5900,-1.262545
2024-06-20,1787.2361,1793.7065,1761.6465,1762.7008,14096549044,196278868315.0900,-1.442262
2024-06-21,1756.6712,1762.4308,1742.4658,1755.8765,11278193341,161582496715.9800,-0.387150
2024-06-24,1745.9288,1755.5226,1729.0985,1731.5147,13220553075,174328989205.0100,-1.387444
2024-06-25,1724.6397,1729.2154,1691.0177,1700.0249,12086114180,164448686887.6200,-1.818627
2024-06-26,1700.9495,1733.7920,1696.1248,1730.6417,13478273980,177948029873.4000,1.800962
2024-06-27,1719.7784,1720.9966,1702.2411,1703.2009,13117795240,176839066808.6300,-1.585585
2024-06-28,1696.9371,1720.9452,1680.4181,1683.4300,13772954802,189088172439.4300,-1.160808
2024-07-01,1679.6622,1689.5449,1652.0104,1682.6918,12244545819,169887408797.0500,-0.043851
2024-07-02,1677.6687,1683.8466,1660.3165,1665.0352,13382262324,172148618174.7300,-1.049307
2024-07-03,1664.9863,1675.6473,1648.2447,1660.1242,13300044865,157967254874.4100,-0.294949
2024-07-04,1666.3932,1674.7516,1647.2199,1647.2199,12823571533,152773081209.1100,-0.777309
2024-07-05,1648.7391,1662.3161,1631.8859,1655.5940,12192254445,143931833928.7200,0.508378
2024-07-08,1651.6413,1652.1933,1624.5492,1628.7584,12104925792,142750502024.4900,-1.620905
2024-07-09,1625.5224,1660.3298,1614.6055,1652.1171,14112935059,181888476705.6400,1.434141
2024-07-10,1642.8613,1668.0899,1641.8378,1651.1097,12781301392,168987766683.1500,-0.060976
2024-07-11,1673.5395,1694.7760,1658.9567,1685.1176,15146180556,199778369266.3900,2.059700
2024-07-12,1680.1404,1692.8892,1672.6663,1683.6285,12744122693,173438350523.8200,-0.088368
2024-07-15,1674.8869,1679.8821,1665.3381,1673.0072,11405290335,147985324118.6100,-0.630858
2024-07-16,1671.9212,1697.1364,1671.3103,1696.3359,11219041189,163205781937.6500,1.394417
2024-07-17,1691.9465,1707.6133,1684.9417,1696.4508,11906605159,166559939236.0600,0.006773
2024-07-18,1680.3385,1718.8205,1678.5599,1717.7091,12345765015,176205065367.1400,1.253104
2024-07-19,1706.8430,1731.1258,1706.5799,1725.4874,11302665097,163355640358.2900,0.452830
2024-07-22,1729.2801,1735.6012,1713.3732,1723.9141,11678760998,159542178380.5400,-0.091180
2024-07-23,1721.9346,1722.0774,1671.4432,1671.4432,12926337352,166046388177.1100,-3.043707
2024-07-24,1666.6208,1682.9630,1645.7528,1650.9078,12566797520,160536829418.3800,-1.228603
2024-07-25,1641.6821,1658.1346,1638.5403,1644.4537,11324118303,149054765076.9000,-0.390942
2024-07-26,1649.3446,1670.2142,1646.6344,1659.5336,12067500874,152761314911.3500,0.917016
2024-07-29,1653.3896,1653.3896,1634.5088,1635.6748,12577995572,157247434261.7000,-1.437681
2024-07-30,1629.1811,1637.2104,1621.9353,1630.9510,12773299236,155469912838.6300,-0.288798
2024-07-31,1623.0383,1689.4910,1623.0383,1688.1419,17672251086,223936183270.9700,3.506598
2024-08-01,1690.2188,1694.5907,1663.0753,1665.9729,15298802052,199016642516.1000,-1.313219
2024-08-02,1649.8431,1671.3567,1635.4355,1638.3043,15257143384,192044651251.6800,-1.660807
2024-08-05,1621.1881,1656.0902,1607.2446,1607.2884,16097551749,191997161477.8000,-1.893171
2024-08-06,1628.1164,1638.4799,1612.0003,1627.3554,13507272870,156066993970.6500,1.248500
2024-08-07,1624.0634,1632.6448,1618.3941,1620.3315,12727404830,149033939565.3300,-0.431614
2024-08-08,1611.2619,1628.6648,1598.6795,1611.5085,14073768007,155754578548.7300,-0.544518
2024-08-09,1621.8406,1628.5310,1595.6419,1595.6419,12539816046,138758650335.2000,-0.984581
2024-08-12,1596.4138,1601.8549,1589.0929,1592.3944,12420184301,129209225981.9700,-0.203523
2024-08-13,1592.0445,1607.2576,1587.5153,1607.1855,11227549358,121896298110.4900,0.928859
2024-08-14,1606.4412,1606.4412,1584.3280,1584.3280,12325859700,129270008177.7400,-1.422207
2024-08-15,1581.1525,1608.9496,1581.0512,1592.7101,16188800156,159307585767.5000,0.529063
2024-08-16,1594.5094,1603.4274,1587.4074,1591.4610,17259018255,175681165209.2300,-0.078426
2024-08-19,1589.2068,1608.2655,1588.2180,1589.2872,16360910075,167349091112.1400,-0.136591
2024-08-20,1590.1730,1591.8764,1565.4316,1567.9688,16325108843,156885838488.9700,-1.341381
2024-08-21,1561.2424,1572.4718,1556.9328,1558.5116,14611810028,148705212662.7300,-0.603150
2024-08-22,1559.6831,1563.3726,1544.9065,1546.6314,14958498183,154461678774.9300,-0.762279
2024-08-23,1540.5159,1555.0071,1537.7770,1546.9030,14001973082,144714752549.8500,0.017561
2024-08-26,1550.0446,1557.9101,1540.5209,1545.3094,13671934462,149063972295.5100,-0.103019
2024-08-27,1537.8126,1541.9283,1526.6072,1530.7442,13375474868,139798364281.8500,-0.942543
2024-08-28,1526.6690,1534.5405,1522.4841,1531.4502,12354308359,129238024067.5200,0.046121
2024-08-29,1512.3709,1551.5399,1512.1710,1541.3995,14384968169,165397084148.4800,0.649665
2024-08-30,1543.8935,1601.1559,1543.8935,1580.4595,20172685031,227965941296.1500,2.534061
2024-09-02,1577.4449,1581.8685,1536.5258,1536.9499,16141459575,176805148990.8800,-2.752972
2024-09-03,1533.5721,1561.8572,1533.4582,1556.3207,13875033581,148965411939.3700,1.260340
2024-09-04,1541.8990,1569.8851,1540.1716,1554.6395,13745138843,154054140994.8000,-0.108024
2024-09-05,1554.8763,1576.0291,1554.8763,1564.7230,13712346630,147944472987.5900,0.648607
2024-09-06,1564.3252,1566.5729,1537.3772,1538.0720,13927089557,146294611331.0000,-1.703241
2024-09-09,1528.6494,1547.7334,1526.2352,1539.0381,11787366444,123532845625.6100,0.062812
2024-09-10,1540.2106,1551.6057,1522.8756,1539.9802,12668053938,135542269130.2500,0.061214
2024-09-11,1539.8458,1563.0876,1535.6187,1558.3275,11282658764,126571388990.5500,1.191398
2024-09-12,1566.4032,1577.1679,1551.0256,1551.8137,12533016087,136809185695.9400,-0.417999
2024-09-13,1552.2763,1556.6644,1535.1684,1535.1684,12595297080,133804834411.4500,-1.072635
2024-09-18,1533.3817,1540.0753,1522.5437,1533.4726,11423468414,113051133240.4100,-0.110463
2024-09-19,1543.3158,1565.2146,1520.7230,1546.4738,13386709183,144147765894.2200,0.847827
2024-09-20,1546.7749,1546.7749,1525.6824,1536.5991,13005681067,138633349858.7800,-0.638530
2024-09-23,1538.0549,1548.4090,1528.9409,1530.5062,12212558465,135566383542.0300,-0.396519
2024-09-24,1545.9038,1616.0682,1532.5226,1615.3215,19589835818,230005047672.2200,5.541650
2024-09-25,1652.8282,1679.6391,1639.6811,1641.5416,23754106140,277723518232.6400,1.623212
2024-09-26,1638.5265,1716.0110,1625.6621,1714.1435,22617304308,270723822069.0100,4.422788
2024-09-27,1751.3278,1919.7853,1751.3278,1885.4888,33188171307,439464381908.3600,9.995972
2024-09-30,1994.2623,2182.3884,1966.3381,2175.0865,47832140201,674726242592.4100,15.359290
2024-10-08,2576.2170,2576.2170,2336.4423,2550.2764,56839521878,968726100927.7500,17.249424
2024-10-09,2426.7522,2514.2914,2278.8172,2280.0963,51701779133,925417599971.5500,-10.594150
2024-10-10,2291.2175,2327.5980,2181.0778,2212.9087,37074805462,633252194753.5100,-2.946700
2024-10-11,2173.7103,2191.4019,2066.5775,2100.8707,30804840178,489125606540.6800,-5.062929
2024-10-14,2119.3855,2163.2745,2062.4457,2155.4030,30482202800,501816953455.5500,2.595700
2024-10-15,2139.6475,2175.9518,2085.8183,2085.9863,34056216175,580661564558.7000,-3.220590
2024-10-16,2037.7435,2081.3242,2026.5199,2039.9498,27926126959,467443391572.9600,-2.206942
2024-10-17,2057.9603,2081.0866,2031.9869,2033.4845,31179201120,525535954092.3500,-0.316934
2024-10-18,2027.6530,2272.9997,2027.6497,2195.1007,39406378593,723220587287.3900,7.947747
2024-10-21,2211.3945,2266.6016,2182.2333,2210.3354,42219073081,779790361613.3100,0.694032
2024-10-22,2205.3993,2226.9307,2179.9976,2216.9898,39349104358,681283421534.3600,0.301058
2024-10-23,2202.8237,2252.5209,2186.1762,2205.3024,36403964616,636530072404.5900,-0.527174
2024-10-24,2187.2436,2203.0209,2168.2414,2175.0952,28183098746,498240139457.8900,-1.369753
2024-10-25,2190.3928,2277.1680,2180.2214,2238.8970,32225560476,583754159547.7900,2.933288
2024-10-28,2228.0780,2236.4725,2198.8863,2229.1180,34613942538,575603204265.1100,-0.436778
2024-10-29,2231.8241,2239.2615,2175.8129,2177.3058,37191939721,631639273936.8300,-2.324336
2024-10-30,2156.2769,2179.9444,2127.6329,2151.5146,32752214838,556470811530.2500,-1.184547
2024-10-31,2145.6550,2204.8590,2130.2684,2164.4619,37166478672,648857390676.5100,0.601776
2024-11-01,2149.9381,2166.5211,2120.7251,2123.7383,37280387113,600618206725.8300,-1.881465
2024-11-04,2122.9804,2187.3779,2122.9804,2185.9842,25473410944,432571054067.6400,2.930959
2024-11-05,2184.9046,2301.9948,2172.5239,2289.8405,35083710675,638795092728.2600,4.751009
2024-11-06,2290.6715,2360.8811,2247.0378,2265.8324,40303017712,728928556603.8000,-1.048462
2024-11-07,2244.9590,2350.7599,2240.2456,2350.7599,40590422345,678138690615.9200,3.748181
2024-11-08,2396.8681,2402.3790,2317.5087,2321.5867,41376921103,747609087707.3300,-1.241011
2024-11-11,2298.6195,2393.5781,2296.3231,2392.4433,37752959789,706763481556.2600,3.052076
2024-11-12,2416.2107,2448.2011,2362.5662,2390.8035,37875415778,707260634033.2000,-0.068541
2024-11-13,2367.1633,2427.1554,2345.0639,2417.2522,29980905784,561278092963.5500,1.106268
2024-11-14,2411.2906,2419.6863,2331.6804,2334.9643,27078868842,494484895739.9200,-3.404192
2024-11-15,2318.9356,2338.5569,2243.6200,2243.6200,28933089995,518610190540.1300,-3.912021
2024-11-18,2244.3226,2254.9219,2173.1841,2190.9503,28351839960,466115253935.4100,-2.347532
2024-11-19,2200.1333,2261.5867,2173.4542,2256.6075,24419950118,409157860094.3600,2.996745
2024-11-20,2242.5993,2283.7477,2239.7692,2267.8548,28868125257,465811764066.4100,0.498416
2024-11-21,2254.2694,2281.1604,2248.3820,2265.8658,28232062686,463565223384.5400,-0.087704
2024-11-22,2257.9507,2269.2650,2175.5713,2175.5713,30157172820,489001762887.3200,-3.984989
2024-11-25,2184.1027,2193.6787,2140.4764,2175.1837,25157590775,398471227575.6400,-0.017816
2024-11-26,2163.3739,2187.1204,2148.1374,2150.0968,23317980536,360457121013.0800,-1.153323
2024-11-27,2136.7071,2209.1582,2119.5351,2208.7805,25800697149,401330159441.2300,2.729352
2024-11-28,2204.4896,2206.8482,2165.5258,2169.8027,27639980338,419813252334.7500,-1.764675
2024-11-29,2162.5224,2264.6793,2162.5224,2224.0026,30288030089,501365261418.3500,2.497918
2024-12-02,2212.3589,2261.1435,2210.8559,2255.4979,31135009017,505969429383.0200,1.416154
2024-12-03,2252.7536,2261.3904,2224.6918,2245.4986,30648110660,482235795863.4700,-0.443330
2024-12-04,2237.6495,2246.0394,2204.3896,2213.4056,28994212352,459314971219.4000,-1.429215
2024-12-05,2207.4991,2237.0882,2207.4991,2221.4566,27006383776,440343428750.9700,0.363738
2024-12-06,2219.9079,2289.8092,2213.3241,2267.0641,31585392646,509916084535.5300,2.053045
2024-12-09,2265.1879,2273.0813,2229.5145,2248.6273,27528875410,441668691858.6200,-0.813246
2024-12-10,2358.2881,2358.4852,2258.0186,2264.0510,36836534310,633302801446.9200,0.685916
2024-12-11,2260.7005,2278.7883,2251.3542,2261.5823,29492675354,488392484586.1300,-0.109039
2024-12-12,2257.3080,2302.6437,2256.0650,2292.1451,30842059067,510495451011.3800,1.351390
2024-12-13,2272.2664,2276.1275,2234.1701,2235.2586,32853797101,561357989318.5900,-2.481802
2024-12-16,2232.6249,2234.1863,2192.2524,2201.5324,27378793388,450274741041.9100,-1.508828
2024-12-17,2197.1259,2233.1720,2197.1259,2201.1810,24875348055,397265265014.2700,-0.015962
2024-12-18,2207.1823,2216.0033,2192.5973,2202.1373,21648147554,354895982597.8000,0.043445
2024-12-19,2178.4630,2220.4332,2174.9434,2213.5429,22171926117,375784424939.3500,0.517933
2024-12-20,2209.3755,2234.1315,2201.9409,2209.6616,23004927410,427247917560.1800,-0.175343
2024-12-23,2205.6903,2223.6367,2185.3528,2187.9448,24553877043,409610368907.7600,-0.982811
2024-12-24,2190.4696,2215.1924,2187.7803,2213.5480,20096640612,349402388357.7700,1.170194
2024-12-25,2215.6123,2216.3572,2186.9997,2201.2960,20386810044,337460267678.8000,-0.553501
2024-12-26,2200.3188,2219.6932,2193.5882,2209.8464,18443646699,347293434638.2800,0.388426
2024-12-27,2209.7101,2235.5559,2196.2938,2204.8965,20751352939,385898226139.6300,-0.223993
2024-12-30,2198.8648,2218.7352,2198.1247,2206.2852,18720146002,342205734093.0400,0.062983
2024-12-31,2202.1811,2207.3112,2141.5958,2141.5958,19942841348,352199463928.6400,-2.932051
2025-01-02,2136.9221,2137.6549,2040.3792,2060.4422,19658739481,342439637001.2500,-3.789399
2025-01-03,2062.4025,2067.4089,2015.9633,2015.9671,20606491210,324932847993.6300,-2.158522
2025-01-06,2018.2457,2033.2681,2000.8615,2014.1899,16937561223,260608779679.8200,-0.088156
2025-01-07,1996.0003,2028.7513,1988.4180,2028.3582,16857052855,277786422805.0100,0.703424
2025-01-08,2011.7489,2029.0233,1963.8057,2008.4441,19552783864,316548208016.3200,-0.981784
2025-01-09,1994.8100,2025.3060,1994.7047,2010.6601,17424480759,287453523404.6800,0.110334
2025-01-10,2006.5527,2024.4268,1975.3048,1975.3048,17838400517,295340671109.3300,-1.758393
2025-01-13,1953.8865,1998.4989,1953.8201,1982.4595,15228846338,245669166830.4400,0.362207
2025-01-14,1989.3873,2076.9566,1979.1387,2075.7558,22702105762,386165587102.5700,4.706089
2025-01-15,2064.4758,2064.4758,2032.5742,2037.9335,19544928930,329023933373.7800,-1.822098
2025-01-16,2051.0949,2084.2257,2029.8164,2051.3507,20389955076,354789525123.5700,0.658373
2025-01-17,2041.7104,2083.2016,2041.5810,2067.2747,17088596065,310265773405.4700,0.776269
2025-01-20,2090.1430,2118.7383,2090.0663,2104.7277,17727429544,323976747068.1700,1.811709
2025-01-21,2125.0668,2125.0668,2090.3176,2112.3901,18250885130,331501649828.5900,0.364057
2025-01-22,2103.8319,2110.8968,2081.0753,2101.0346,16566266634,321487930518.8600,-0.537566
2025-01-23,2125.2951,2151.4765,2093.3129,2093.3129,21026825667,387834330079.3800,-0.367519
2025-01-24,2084.1338,2131.5536,2084.1338,2121.8391,20005142639,360783248474.4300,1.362730
2025-01-27,2119.1694,2123.1478,2063.8199,2063.8199,17752012165,324013509607.6500,-2.734383
2025-02-05,2082.9909,2083.0067,2054.3707,2062.9231,20436803597,378666289294.9900,-0.043453
2025-02-06,2059.4495,2120.7877,2056.1786,2120.7451,24897390222,464949308895.3200,2.802916
2025-02-07,2127.1359,2200.1023,2122.3484,2174.3509,30839799873,589808761151.7000,2.527687
2025-02-10,2183.7801,2188.1276,2156.7550,2183.8767,27995065882,512227306833.9800,0.438099
2025-02-11,2182.9089,2182.9089,2150.4734,2152.7324,26647704858,487815482425.6000,-1.426102
2025-02-12,2144.7268,2194.1030,2142.0485,2191.7594,25884927458,494031078864.8700,1.812905
2025-02-13,2186.1382,2203.6365,2175.4244,2176.1559,28459186902,518915994554.6800,-0.711917
2025-02-14,2176.3225,2223.3860,2176.2123,2215.2984,28699625124,515645994563.7700,1.798699
2025-02-17,2243.6584,2245.3706,2208.7687,2226.6152,32635546066,594941327620.9900,0.510848
2025-02-18,2223.4803,2231.2752,2173.5402,2182.5740,29421059021,532993913374.6300,-1.977944
2025-02-19,2174.9560,2228.4823,2174.0069,2226.9821,26063135587,507339425588.7200,2.034666
2025-02-20,2222.3729,2233.9835,2204.6406,2225.5838,28037885701,537322155811.0500,-0.062789
2025-02-21,2228.9165,2284.0384,2228.9165,2281.5118,33303997251,669308764691.6800,2.512959
2025-02-24,2277.1542,2283.7897,2245.6137,2266.2441,31429001053,619405605772.5000,-0.669192
2025-02-25,2227.2895,2265.9112,2224.4577,2240.5887,29271132403,561872269832.9400,-1.132067
2025-02-26,2246.9544,2268.5691,2232.3088,2268.2154,29722503298,586936953671.4900,1.233011
2025-02-27,2268.5027,2279.3867,2225.5320,2256.5084,30727330595,596467082624.7400,-0.516133
2025-02-28,2238.3402,2240.7762,2163.6867,2170.3919,28146450381,530902059044.9400,-3.816361
2025-03-03,2176.8166,2232.1985,2161.3587,2196.5248,24792094383,472696215188.8700,1.204064
2025-03-04,2170.9892,2193.5318,2161.0558,2190.0783,22587616612,427875703570.5700,-0.293486
2025-03-05,2190.5775,2200.8703,2173.9039,2190.3624,23326067714,442270535196.4400,0.012972
2025-03-06,2204.2472,2243.2788,2202.0068,2234.6890,30691077462,592297157877.5600,2.023711
2025-03-07,2221.9089,2226.0045,2195.1277,2205.3067,28706509815,551841091100.5100,-1.314827
2025-03-10,2211.0966,2217.7744,2182.5808,2199.8771,23158429894,438592530373.3900,-0.246206
2025-03-11,2172.1794,2204.0302,2171.2669,2204.0302,22092783100,413787146113.6700,0.188788
2025-03-12,2211.1458,2214.9730,2191.0989,2191.2678,26604450431,497412152810.6600,-0.579048
2025-03-13,2189.4687,2200.9099,2154.9492,2166.0037,25042274557,457459231683.6000,-1.152944
2025-03-14,2165.5321,2233.8300,2161.8900,2226.7163,26586008830,507505990281.6400,2.802978
2025-03-17,2230.8543,2233.3331,2212.0178,2215.1266,24550517179,461676726065.9700,-0.520484
2025-03-18,2225.2041,2242.2173,2215.3734,2228.6442,23840841482,461631427130.7500,0.610241
2025-03-19,2221.6022,2237.9496,2208.2558,2222.3467,22968095475,440646530017.2300,-0.282571
2025-03-20,2220.4964,2221.6065,2198.3750,2200.0321,23583954503,416932299413.4200,-1.004101
2025-03-21,2193.3613,2201.4176,2149.0913,2152.2792,26088641653,433846880498.8800,-2.170555
2025-03-24,2154.6697,2160.4643,2125.1289,2152.5548,24385877842,400225317591.7300,0.012805
2025-03-25,2154.2037,2165.0149,2136.6070,2145.4786,19869731524,347104338738.1900,-0.328735
2025-03-26,2143.1189,2157.7800,2139.9016,2139.9016,18420319141,307612308758.9800,-0.259942
2025-03-27,2130.4889,2165.1605,2117.7547,2145.0951,19171687867,324723520805.6000,0.242698
2025-03-28,2140.0658,2152.3979,2128.2092,2128.2092,17955464086,299470079793.5400,-0.787187
2025-03-31,2117.8846,2123.8724,2087.1290,2103.6987,18606140083,321330783331.9100,-1.151696
2025-04-01,2108.4551,2127.5384,2100.2974,2101.8778,17136825804,303716942192.4400,-0.086557
2025-04-02,2103.3872,2121.5552,2097.8245,2104.6250,15132911479,265072518328.9600,0.130702
2025-04-03,2078.1463,2097.6698,2057.6341,2065.4026,16397924585,298990003383.2800,-1.863629
2025-04-07,1925.6412,1939.2694,1756.6404,1807.2061,30407557575,464672649625.0000,-12.501025
2025-04-08,1837.5436,1877.4408,1812.1283,1840.3123,25668214136,390333762484.0200,1.831900
2025-04-09,1805.4644,1872.9289,1777.2483,1858.3561,27945229735,418890418530.3200,0.980475
2025-04-10,1920.6404,1944.1023,1897.3354,1900.5276,25668684963,425156587350.3000,2.269291
2025-04-11,1885.8552,1943.4347,1884.5994,1926.3702,20237823723,348882512916.6500,1.359759
2025-04-14,1954.0493,1956.1562,1928.6332,1932.9127,19193506347,323184008045.3500,0.339628
2025-04-15,1933.8856,1940.7466,1918.4358,1930.3994,16842254976,273743106715.8700,-0.130027
2025-04-16,1918.0292,1919.0926,1879.7757,1907.1095,17049971365,273040794540.4800,-1.206481
2025-04-17,1893.0173,1923.5295,1892.4739,1908.7764,15001282078,248279994249.1700,0.087405
2025-04-18,1904.9937,1917.5927,1898.7804,1913.9698,14686095279,234120276866.0500,0.272080
2025-04-21,1910.9041,1947.5621,1901.8129,1944.3179,16743253700,277261580693.5800,1.585610
2025-04-22,1933.8318,1939.6876,1923.3743,1928.4315,17145814898,281085874239.6700,-0.817068
2025-04-23,1950.4353,1962.6781,1935.6807,1949.1625,19999589043,346460823674.2400,1.075019
2025-04-24,1946.2303,1958.2161,1930.9018,1935.8577,18154588432,305859189146.2200,-0.682591
2025-04-25,1941.8149,1960.6339,1937.7056,1947.1863,16997550933,291634268768.2500,0.585198
2025-04-28,1951.1599,1951.1599,1930.0640,1934.4567,16372122021,263116285053.6400,-0.653743
2025-04-29,1929.2716,1941.1749,1923.8561,1931.9416,16018650189,270737131156.8400,-0.130016
2025-04-30,1936.1224,1954.6234,1931.8358,1948.0295,16671792948,293395148611.2400,0.832732
2025-05-06,1966.9679,1988.0507,1964.4576,1986.4092,20480822626,362525483367.0200,1.970181
2025-05-07,2024.3010,2035.4745,1982.3744,1996.5100,23677734016,415025833449.2500,0.508495
2025-05-08,1994.0518,2036.1008,1991.6547,2029.4518,20833658487,375817862445.4100,1.649969
2025-05-09,2028.4274,2028.4274,2004.4768,2011.7671,19219863946,336031657418.4100,-0.871403
2025-05-12,2042.9025,2066.3126,2038.3357,2064.7137,19497949861,368155868587.4200,2.631845
2025-05-13,2091.3494,2091.3494,2058.7414,2062.2609,19782003675,368230474666.0500,-0.118796
2025-05-14,2062.2744,2103.3691,2051.8225,2083.1421,19351331098,369473326977.1600,1.012539
2025-05-15,2076.0422,2076.0422,2043.0969,2043.2467,17685185814,315818937738.2500,-1.915155
2025-05-16,2035.8650,2050.8879,2035.8650,2039.4452,16343642348,298459891782.9700,-0.186052
2025-05-19,2038.0477,2038.0477,2017.1675,2032.7561,16621700855,290268824267.9100,-0.327986
2025-05-20,2041.4962,2059.5161,2025.8554,2048.4587,18556348351,324234796147.4400,0.772478
2025-05-21,2052.0014,2077.4814,2050.2068,2065.3900,17595646281,316052135906.6800,0.826539
2025-05-22,2065.4127,2065.4127,2043.8938,2045.5655,16978025799,294063096646.4500,-0.959843
2025-05-23,2043.2019,2060.0927,2021.4991,2021.4991,17839165926,312868339271.1800,-1.176516
2025-05-26,2016.3705,2023.4855,1991.7845,2005.2587,14778711915,268696372150.1200,-0.803384
2025-05-27,2001.6221,2001.6221,1983.8983,1991.6431,15097227436,263612542368.6200,-0.678995
2025-05-28,1996.4876,2001.9513,1981.6682,1985.3830,16073660505,272207025903.7600,-0.314318
2025-05-29,1988.3191,2016.2143,1986.6290,2012.5482,19615377832,336645286376.7600,1.368260
2025-05-30,2002.7320,2004.5036,1988.1862,1993.1877,19207084090,321041246329.4800,-0.961989
2025-06-03,1986.5433,2012.2398,1985.5672,2002.7005,18511574738,307126792870.4700,0.477266
2025-06-04,2009.3744,2030.9216,2009.3744,2024.9335,18504149321,319493747439.1800,1.110151
2025-06-05,2026.6311,2053.5627,2014.4354,2048.6150,20848380812,370015876182.1900,1.169495
2025-06-06,2047.8659,2051.9122,2034.0983,2039.4353,17810899136,322931592458.6300,-0.448093
2025-06-09,2046.4271,2075.5797,2045.6443,2061.2909,20282746568,368246986273.2000,1.071650
2025-06-10,2057.9704,2063.8708,2023.1685,2037.2707,23768780842,411801077262.3300,-1.165299
2025-06-11,2044.2837,2076.9133,2044.2837,2061.8674,20845583085,360485163147.4000,1.207336
2025-06-12,2057.1956,2076.8377,2051.2400,2067.1535,21402132576,378571827628.6100,0.256374
2025-06-13,2054.9666,2065.8671,2036.9630,2043.8242,24178096873,410506201042.2400,-1.128571
2025-06-16,2038.6993,2062.4227,2038.6993,2057.3227,20370262370,357646686528.3600,0.660453
2025-06-17,2061.4691,2063.0838,2045.0537,2049.9433,21685353341,372991717138.9300,-0.358689
2025-06-18,2046.6938,2059.3765,2039.2479,2054.7286,21130444823,371847691875.2200,0.233436
2025-06-19,2049.1757,2057.7652,2021.1763,2026.8170,22178848260,386860748295.1800,-1.358408
2025-06-20,2026.8806,2036.0185,2007.5074,2009.8934,19030801593,326385566258.0800,-0.834984
2025-06-23,1996.9620,2021.7634,1996.9620,2017.6336,20025034128,340328387698.1300,0.385105
2025-06-24,2024.7019,2065.8357,2024.7019,2064.1346,24784030051,441660056238.7500,2.304730
2025-06-25,2073.2593,2133.0337,2072.8657,2128.3922,26753719715,518421004525.5300,3.113053
2025-06-26,2128.8587,2142.2102,2113.1369,2114.4254,26941120880,510182488176.2900,-0.656214
2025-06-27,2125.8488,2146.0358,2112.7452,2124.3446,24228122325,464562098189.6700,0.469120
2025-06-30,2132.9311,2153.9997,2128.7802,2153.0137,23911013520,462156973601.5400,1.349550
2025-07-01,2149.2159,2152.9177,2134.5706,2147.9186,24885579142,444496413718.1100,-0.236650
2025-07-02,2140.1398,2140.1398,2118.5525,2123.7189,23447120750,393785126919.1500,-1.126658
2025-07-03,2130.7387,2168.6099,2130.7387,2164.0884,21950997467,382005613121.5600,1.900887
2025-07-04,2168.3460,2187.8838,2153.6211,2156.2340,23237361494,420453534088.5300,-0.362943
2025-07-07,2148.9337,2155.6858,2126.3229,2130.1858,18895035407,346511386676.0200,-1.208041
2025-07-08,2129.4888,2183.0571,2129.4888,2181.0770,22840152026,436543561640.7400,2.389050
2025-07-09,2179.3168,2204.6353,2179.1088,2184.6745,23373850907,435509501264.7300,0.164941
2025-07-10,2192.9883,2199.7097,2174.2110,2189.5773,22066356369,419455314284.9000,0.224418
2025-07-11,2190.0065,2223.3051,2181.1855,2207.0968,23874638447,460016296735.2500,0.800132
2025-07-14,2207.5433,2208.0759,2189.0799,2197.0681,20231183076,387279814379.4400,-0.454384
2025-07-15,2211.4049,2245.4398,2209.9015,2235.0492,22503760521,447443659666.9100,1.728717
2025-07-16,2241.2105,2259.6350,2227.8225,2230.1942,20525447688,429019355399.9900,-0.217221
2025-07-17,2228.5245,2269.6681,2228.5245,2269.3266,21366460997,443122898155.1700,1.754663
2025-07-18,2279.6674,2296.9111,2263.9715,2277.1520,21236027914,432503511577.2500,0.344834
2025-07-21,2285.4135,2297.1362,2273.8087,2296.8833,22542405159,444016671263.8300,0.866490
2025-07-22,2295.3643,2313.4588,2290.3781,2310.8560,24246464787,481258167153.7900,0.608333
2025-07-23,2308.1140,2333.3104,2304.6301,2310.6710,23415958182,448738026106.1300,-0.008006
2025-07-24,2319.2524,2345.3673,2318.4170,2345.3673,23323197809,458237292636.0100,1.501568
2025-07-25,2348.2809,2350.0618,2332.0249,2340.0557,23383039370,435873397480.1200,-0.226472
2025-07-28,2346.3807,2366.5068,2334.1604,2362.5995,22456352244,454389336180.9200,0.963387
2025-07-29,2362.7746,2406.5945,2355.3750,2406.5945,23756345560,495775120142.6400,1.862144
2025-07-30,2395.8591,2395.8856,2349.1819,2367.6835,25732693963,503318839029.8300,-1.616849
2025-07-31,2382.9674,2394.2162,2321.7157,2328.3130,25898683676,544390897602.5300,-1.662828
2025-08-01,2323.9212,2348.0151,2304.3856,2322.6268,23409021848,468219566668.2800,-0.244220
2025-08-04,2307.3731,2334.4300,2304.4830,2334.3230,21729194204,437700413808.1400,0.503576
2025-08-05,2349.4357,2350.9964,2323.7393,2343.3757,23075942778,478481107469.0600,0.387808
2025-08-06,2335.9500,2359.8230,2335.9500,2358.9547,26152707427,525173025664.2300,0.664810
2025-08-07,2359.4230,2372.6829,2322.8051,2342.8609,26684672183,552150910519.5200,-0.682243
2025-08-08,2338.2485,2353.9876,2330.0105,2333.9590,25083102267,504146211527.8900,-0.379959
2025-08-11,2336.9289,2384.8598,2336.9289,2379.8165,25235005667,535985242900.7200,1.964795
2025-08-12,2381.1630,2409.3983,2368.8134,2409.3983,25197154444,550138680013.6100,1.243029
2025-08-13,2417.4693,2497.8571,2414.4820,2496.5041,27978318311,636827542511.2300,3.615251
2025-08-14,2496.6268,2513.3697,2463.8579,2469.6554,30336537680,651328239583.2400,-1.075452
2025-08-15,2464.6655,2541.8941,2464.6655,2534.2187,28918974206,660169876297.4500,2.614264
2025-08-18,2549.5518,2633.8613,2529.2489,2606.2018,37362688668,839681462556.2100,2.840445
2025-08-19,2596.5780,2634.5970,2586.9482,2601.7431,33442868322,763111819998.0800,-0.171080
2025-08-20,2572.0054,2608.0001,2547.4398,2607.6534,29261201254,650536818161.4200,0.227167
2025-08-21,2614.9146,2626.3735,2582.0538,2595.4654,30384813978,656374795501.3700,-0.467393
2025-08-22,2587.5294,2683.9005,2587.5294,2682.5529,30342711754,697740405121.7800,3.355371
2025-08-25,2720.2816,2782.0143,2700.2783,2762.9906,36260149765,874974979130.4600,2.998550
2025-08-26,2747.1071,2773.2402,2726.7236,2742.1268,31878215603,750068068086.5900,-0.755117
2025-08-27,2747.5002,2822.2711,2723.1985,2723.1985,37727834549,888064980127.1400,-0.690278
2025-08-28,2707.3391,2827.1720,2707.3391,2827.1720,35354586164,839767556036.8200,3.818065
2025-08-29,2828.0124,2933.9925,2809.3184,2890.1252,29373174665,771067872982.9300,2.226720
2025-09-01,2914.6423,2958.1407,2886.7300,2956.3748,28386289830,732725058247.5400,2.292274
2025-09-02,2951.0301,2979.7346,2839.9233,2872.2224,30935662518,803844187501.8100,-2.846473
2025-09-03,2882.8425,2926.7759,2859.5067,2899.3728,25091650629,657571327457.6700,0.945275
2025-09-04,2933.6778,2956.4106,2741.0758,2776.2483,26299842630,716317175905.2600,-4.246591
2025-09-05,2789.9086,2962.4668,2775.1704,2958.1810,24771727201,676084998434.4600,6.553185
2025-09-08,2964.4285,2964.4285,2883.2612,2933.2464,25329374176,698953752937.8900,-0.842903
2025-09-09,2901.2894,2924.5750,2843.6716,2867.9684,22234859228,572337413830.6000,-2.225452
2025-09-10,2890.0521,2926.1606,2860.2618,2904.2687,20777764270,567252757981.6600,1.265715
2025-09-11,2917.7672,3053.7488,2899.8301,3053.7488,25447939400,704261347899.0300,5.146910
2025-09-12,3024.1036,3056.5264,3009.9022,3020.4229,25150721836,680315344406.3800,-1.091311
2025-09-15,3052.0587,3106.8793,3044.6874,3066.1804,23223839538,620841469358.5500,1.514937
2025-09-16,3072.3017,3089.7815,3020.6281,3087.0396,24854904236,641903383619.0200,0.680299
2025-09-17,3085.7103,3152.3080,3064.7685,3147.3454,25111102223,668282448229.4800,1.953516
2025-09-18,3119.7738,3168.6787,3051.2987,3095.8512,31894435705,835058245063.7200,-1.636115
2025-09-19,3098.2775,3128.3795,3072.7623,3091.0035,23477469422,603655890657.2300,-0.156587
2025-09-22,3093.9678,3107.8873,3053.3540,3107.8873,20718631488,547491096346.7100,0.546224
2025-09-23,3139.4999,3157.0232,3041.4607,3114.5530,25791208914,670317860096.4200,0.214477
2025-09-24,3089.9039,3185.8367,3085.7011,3185.5709,22859302245,632107960241.9000,2.280196
2025-09-25,3167.7518,3266.0031,3161.0760,3235.7648,23319928041,663053057215.0800,1.575664
2025-09-26,3222.1870,3251.8821,3150.8433,3151.5299,21482661893,570235409398.6500,-2.603245
2025-09-29,3165.0650,3259.4197,3164.8040,3238.0119,20729574338,574681499671.8500,2.744128
2025-09-30,3239.3262,3279.0176,3218.6927,3238.1603,20243440466,583961073771.3800,0.004583
2025-10-09,3251.0398,3322.4437,3243.7058,3261.8220,23703760280,658209857589.4300,0.730714
2025-10-10,3230.4568,3235.8553,3097.6347,3113.2621,22551217321,620946940942.8200,-4.554507
2025-10-13,2975.0258,3096.4008,2975.0258,3078.7623,21873689399,578012276527.5100,-1.108156
2025-10-14,3120.9952,3124.8337,2943.5830,2955.9831,22320420718,606838447255.6100,-3.987940
2025-10-15,2964.5166,3030.5856,2927.5146,3025.8673,18601522372,491772888013.8600,2.364161
2025-10-16,3008.3723,3068.8380,3001.1047,3037.4423,18194786000,477559446988.3900,0.382535
2025-10-17,3026.3981,3042.2862,2932.6835,2935.3698,18561371643,465679907805.7400,-3.360475
2025-10-20,3007.2079,3042.1995,2970.1883,2993.4549,16180975321,438095837370.0400,1.978800
2025-10-21,3017.7725,3101.9319,2994.7596,3083.7157,17810466223,478860001586.4000,3.015272
2025-10-22,3061.2670,3089.7640,3044.0446,3059.3192,16494653247,416493599511.8600,-0.791140
2025-10-23,3050.7359,3066.4603,3003.3363,3062.1626,16869804566,407949149462.4800,0.092942
2025-10-24,3087.6283,3171.5687,3082.0644,3171.5687,18961731623,529690393787.8800,3.572838
2025-10-27,3227.1790,3241.9506,3179.6234,3234.4546,21386099100,615421313963.7200,1.982801
2025-10-28,3205.4421,3282.3283,3205.0502,3229.5754,20860102162,573266277604.3200,-0.150851
2025-10-29,3263.9836,3324.2713,3258.6886,3324.2713,21406286895,620733661712.5400,2.932147
2025-10-30,3313.7878,3331.8594,3259.2101,3263.0222,22401573351,645299168649.5100,-1.842482
2025-10-31,3260.2637,3281.6616,3187.5327,3187.5327,22027565389,595349876746.4700,-2.313484
2025-11-03,3179.2966,3199.3986,3120.8510,3196.8709,21759527226,540371749209.1200,0.292960
2025-11-04,3190.4040,3207.1021,3111.0196,3134.0895,20044507181,481315214315.5300,-1.963839
2025-11-05,3068.9486,3179.9292,3068.9486,3166.2312,20754576414,477383174814.7600,1.025551
2025-11-06,3185.1284,3236.6786,3177.6030,3224.6238,20221580487,504556295929.3800,1.844230
2025-11-07,3201.2585,3240.3450,3178.8020,3208.2057,20687965232,502382384266.7000,-0.509148
2025-11-10,3221.9327,3236.6054,3138.3027,3178.8272,21386904252,523234244404.0800,-0.915730
2025-11-11,3197.1225,3209.8897,3130.5753,3134.3159,21309242939,511967313133.2200,-1.400243
2025-11-12,3122.5768,3137.5823,3078.6435,3122.0270,20984119403,492937005521.0600,-0.392076
2025-11-13,3119.0856,3209.7026,3107.6230,3201.7536,21742032083,528672087446.3900,2.553681
2025-11-14,3145.9236,3167.1052,3111.5070,3111.5070,22187791062,494326633709.5900,-2.818662
2025-11-17,3097.3354,3120.7346,3082.2344,3105.2034,22556245327,493700722242.9400,-0.202590
2025-11-18,3089.3817,3115.3064,3052.6360,3069.2196,23819998560,508841079055.2800,-1.158823
2025-11-19,3065.1650,3113.2220,3061.9631,3076.8452,22625038578,463650345532.6800,0.248454
2025-11-20,3131.8382,3137.0651,3039.3766,3042.3406,20879138541,452051459701.6600,-1.121428
2025-11-21,2979.3711,2996.7938,2920.0389,2920.0778,26151644557,537437629813.0100,-4.018708
2025-11-24,2946.4560,2951.4342,2892.2743,2929.0429,23161936858,482298936805.0500,0.307016
2025-11-25,2970.7312,3027.8300,2961.9324,2980.9335,24024435111,528159166186.6700,1.771589
2025-11-26,2976.7049,3081.4907,2962.9922,3044.6945,22334976266,529027126676.5900,2.138961
2025-11-27,3041.2046,3113.4418,3027.3050,3031.2956,20387814598,499106212871.1500,-0.440074
2025-11-28,3029.9768,3067.7600,3013.4936,3052.5871,19515270119,460620035911.4100,0.702389
2025-12-01,3060.5573,3093.9617,3037.6879,3092.4985,21934313917,522884477827.1600,1.307461
2025-12-02,3091.3693,3094.1765,3056.3621,3071.1487,20129147253,451812885257.7600,-0.690374
2025-12-03,3078.8583,3105.3040,3028.6962,3036.7864,20422076580,470656693967.8000,-1.118875
2025-12-04,3037.0512,3075.4584,3016.5793,3067.4842,18560350573,416176565445.7900,1.010865
2025-12-05,3084.2174,3115.8141,3048.9430,3109.2974,19740694341,476953447375.7000,1.363111
2025-12-08,3119.1512,3214.4775,3119.1512,3190.2688,22272684716,590131765522.5000,2.604170
2025-12-09,3183.6131,3235.5359,3175.5057,3209.6031,20469271490,535033737881.8400,0.606040
2025-12-10,3201.3784,3220.2353,3143.4146,3209.0042,19418789389,495618319314.0600,-0.018660
2025-12-11,3210.5458,3246.3173,3163.6746,3163.6746,20231526057,518749292672.7800,-1.412575
2025-12-12,3172.7309,3203.2545,3137.6252,3194.3586,21124705287,566290631352.1600,0.969885
2025-12-15,3157.3198,3184.6248,3135.6628,3137.8013,18805737479,472078841488.2400,-1.770537
2025-12-16,3130.4279,3141.5785,3058.7925,3071.7619,19011928010,453347376923.4300,-2.104639
2025-12-17,3072.6211,3181.6890,3072.6211,3175.9081,19528389781,495114476159.1300,3.390439
2025-12-18,3138.6571,3154.0656,3107.0646,3107.0646,17728639788,449855188773.6200,-2.167679
2025-12-19,3134.8043,3157.2902,3112.0318,3122.2380,18586489992,444703647638.0500,0.488352
2025-12-22,3153.7493,3197.9406,3153.7493,3191.9849,18429100013,488300727161.3400,2.233875
2025-12-23,3196.3087,3227.0674,3184.5343,3205.0108,19173835081,498642177778.1700,0.408082
2025-12-24,3207.4095,3234.9985,3193.9671,3229.5772,19138187728,508985251463.1500,0.766500
2025-12-25,3232.9712,3249.1050,3200.4919,3239.3430,20206380525,532663504951.0200,0.302386
2025-12-26,3232.4093,3268.6947,3219.1305,3243.8757,21918254369,578727413974.0000,0.139927
2025-12-29,3237.7735,3250.0881,3208.0763,3222.6108,20380696064,543951469849.1600,-0.655540
2025-12-30,3208.3233,3251.1331,3207.7296,3242.9046,21812662427,565910064797.1900,0.629732
2025-12-31,3247.7367,3254.8897,3198.2482,3203.1717,21524735513,549125795880.9000,-1.225226
2026-01-05,3229.9330,3295.2856,3229.9330,3294.5513,27193281085,702060594681.0100,2.852785
2026-01-06,3279.8114,3321.4356,3265.7296,3319.2914,28721598721,763475252470.4500,0.750940
2026-01-07,3331.3408,3351.2156,3298.5528,3329.6926,28015980149,763250511330.6900,0.313356
2026-01-08,3308.7377,3328.9550,3285.1638,3302.3067,28975104611,755650931993.2800,-0.822475
2026-01-09,3279.3763,3330.0119,3269.9928,3327.8127,34390690394,878901067435.7600,0.772369
2026-01-12,3323.6365,3398.0502,3282.3886,3388.3407,42107354052,1096218819856.5100,1.818852
2026-01-13,3390.6885,3416.8373,3307.6305,3321.8886,43383945088,1086922219547.7900,-1.961199
2026-01-14,3333.1714,3403.9542,3308.6275,3349.1376,45747890683,1165157052172.9100,0.820286
2026-01-15,3318.1087,3372.4744,3309.0620,3367.9166,32057847933,849713484169.7100,0.560712
2026-01-16,3394.3463,3407.8623,3354.6490,3361.0167,31207946438,846356149931.9900,-0.204871
2026-01-19,3340.9356,3383.7891,3326.1342,3337.6081,26621349636,715063522775.4200,-0.696474
2026-01-20,3340.4559,3347.9444,3257.4351,3277.9790,27165406485,709272948430.7700,-1.786582
2026-01-21,3270.1272,3329.5021,3270.1272,3295.5226,23948878439,656117027993.1900,0.535196
2026-01-22,3312.7513,3337.2721,3280.3168,3328.6471,24404857113,686175753499.6600,1.005136
2026-01-23,3334.0167,3349.5034,3316.6539,3349.5034,30412862714,822626759653.5000,0.626570
2026-01-26,3365.6058,3367.9919,3304.3556,3319.1489,32611407503,845211177604.5000,-0.906239
2026-01-27,3316.0215,3366.6827,3277.2572,3342.5991,27587950248,750371809751.3000,0.706512
2026-01-28,3359.7883,3361.1404,3301.0479,3323.5619,26766098209,749318476667.3200,-0.569533
2026-01-29,3322.4798,3356.4849,3298.5882,3304.5103,30472268868,795630015291.5400,-0.573228
2026-01-30,3301.5407,3369.2448,3255.6481,3346.3552,27027733353,730964128742.9700,1.266297
2026-02-02,3368.1414,3390.2994,3262.1218,3264.1109,24588688349,681865659272.2800,-2.457728
2026-02-03,3318.0600,3332.4771,3249.0610,3324.8923,23671373858,681737608018.4200,1.862112
2026-02-04,3298.3221,3318.8980,3244.7107,3311.5148,24528871537,680872558372.4500,-0.402344
2026-02-05,3277.7213,3288.3754,3238.7843,3260.2783,21523408207,558915728580.9200,-1.547222
2026-02-06,3222.8835,3288.0317,3199.1443,3236.4643,21811951636,566546632643.1000,-0.730428
2026-02-09,3299.5974,3340.3292,3276.5672,3332.7695,24291965810,644485727297.1200,2.975630
2026-02-10,3321.8839,3348.4827,3320.5370,3320.5370,24765845248,597128992818.6800,-0.367037
2026-02-11,3312.6434,3324.1824,3284.2393,3284.7352,22868681600,565228313902.6100,-1.078193
2026-02-12,3294.5706,3334.3536,3292.6766,3328.0624,23384976784,618126291227.2700,1.319047
2026-02-13,3309.4294,3323.3692,3275.2892,3275.9584,21303428350,546081609337.2200,-1.565596
2026-02-24,3331.7946,3343.2439,3292.5006,3308.2648,22806548986,597003922814.5300,0.986166
2026-02-25,3313.0925,3363.1817,3302.7587,3354.8190,23909389880,626851423640.4700,1.407209
2026-02-26,3346.7428,3351.5725,3310.5542,3344.9823,25847472819,697126472186.5600,-0.293211
2026-02-27,3303.9765,3326.5846,3292.8920,3310.3049,24631306875,667075055878.9200,-1.036699
2026-03-02,3257.0513,3319.9081,3257.0513,3294.1611,28129374118,743719423714.4500,-0.487683
2026-03-03,3316.6326,3331.2643,3206.6154,3209.4819,29431026496,755758309246.1400,-2.570585
2026-03-04,3171.1852,3217.1109,3149.4115,3164.3714,22227172251,544157279389.8600,-1.405538
2026-03-05,3236.1510,3264.7961,3194.9562,3216.9393,24663559210,612181476773.6400,1.661243
2026-03-06,3197.6649,3248.8983,3177.8710,3229.3015,22744597843,543512684990.4400,0.384285
2026-03-09,3152.7170,3220.0146,3111.8831,3208.5818,26033805303,653756094223.1800,-0.641616
2026-03-10,3281.9438,3308.7470,3272.9901,3306.1414,24166346904,648715325054.8400,3.040583
2026-03-11,3318.4125,3388.1031,3318.4125,3349.5287,24092611314,663144116389.9600,1.312324
2026-03-12,3357.0333,3358.7713,3286.7671,3317.5225,23092635432,599744315942.8500,-0.955543
2026-03-13,3296.5029,3342.8542,3296.1136,3310.2779,23174192773,579965656477.0500,-0.218374
2026-03-16,3323.9790,3360.3543,3284.0476,3357.0219,21332907492,559137564908.8500,1.412087
2026-03-17,3385.7125,3390.0207,3279.8745,3280.0589,21304831798,563825414777.8800,-2.292597
2026-03-18,3307.8216,3350.5565,3274.2597,3346.3651,19827853590,542979597686.9600,2.021494
2026-03-19,3311.4447,3361.2145,3295.4534,3309.1033,20420119802,545208630142.3500,-1.113501
2026-03-20,3362.0716,3426.6093,3348.7000,3352.1026,23218761536,663304503456.0900,1.299425
2026-03-23,3300.5583,3334.4556,3214.8191,3235.2207,24733070427,617092612471.1000,-3.486823
2026-03-24,3266.9324,3270.1911,3155.2708,3251.5453,21120597994,518979782367.1500,0.504590
2026-03-25,3287.1712,3325.2629,3278.7259,3316.9714,21172852892,558172027999.3100,2.012154
2026-03-26,3299.0308,3347.2299,3263.9963,3272.4880,19042231818,492570275740.9400,-1.341085
2026-03-27,3236.3699,3323.3324,3228.4108,3295.8804,17412636642,463587460672.3500,0.714820
2026-03-30,3254.4306,3281.3926,3224.5990,3273.3551,17720844030,457021707916.4600,-0.683438
2026-03-31,3247.2786,3280.4790,3184.9524,3184.9524,18574089561,477806929829.1500,-2.700676
2026-04-01,3255.2640,3255.2640,3206.8016,3247.5229,18679909441,513943954660.3500,1.964566
2026-04-02,3229.5996,3229.6795,3155.1302,3172.6494,18044885765,457158332797.3400,-2.305557
2026-04-03,3197.7711,3199.4376,3149.1529,3149.5962,16815416696,437459830898.0000,-0.726623
2026-04-07,3162.8226,3181.3506,3133.7789,3160.8157,15243733723,397194455819.3800,0.356220
2026-04-08,3257.9054,3348.3915,3243.7825,3347.6100,23335370695,659180845669.8700,5.909687
2026-04-09,3316.2912,3340.2983,3301.6459,3323.2989,20167761511,574839140206.1300,-0.726223
2026-04-10,3355.0728,3470.7194,3354.7651,3448.7870,21159335203,651563684636.9100,3.776010
2026-04-13,3434.3203,3492.4818,3434.3203,3476.4396,18606777299,568699831319.2400,0.801807
2026-04-14,3507.1101,3560.3015,3493.3683,3558.5273,20767637327,660311566333.9000,2.361258
2026-04-15,3596.0789,3599.9789,3491.4512,3514.9604,20989509422,650458530151.7000,-1.224296
2026-04-16,3531.2612,3629.4224,3518.3579,3626.2710,21875998972,666616308445.0800,3.166767
2026-04-17,3643.1528,3685.0977,3620.3281,3678.2934,21997562737,688725213658.3600,1.434598
2026-04-20,3657.3484,3696.2599,3642.8068,3677.5758,22153754286,702432705026.5700,-0.019509
2026-04-21,3662.2588,3695.7421,3619.4849,3688.9372,20243258935,637778534428.8000,0.308937
2026-04-22,3660.4199,3755.7512,3660.0850,3752.7591,21449935190,695245039532.3700,1.730089
2026-04-23,3769.0190,3785.2304,3681.5706,3720.2474,24049902028,745895977557.6100,-0.866341
2026-04-24,3682.4985,3699.9391,3624.9951,3667.7851,23383900550,733178548406.7300,-1.410183
2026-04-27,3677.8905,3686.9433,3640.1145,3648.7880,22238333908,677951742164.6900,-0.517945
2026-04-28,3623.4895,3636.9342,3580.3892,3596.7118,22441110186,668388699959.3200,-1.427219
2026-04-29,3578.4228,3692.2058,3578.4228,3687.1681,22064042336,682729592377.4800,2.514972
2026-04-30,3704.1088,3718.3986,3660.2192,3677.1485,20798181622,641724142143.0000,-0.271742
2026-05-06,3760.6710,3815.0704,3724.5267,3778.1595,25634419946,842269292824.3000,2.746993
2026-05-07,3807.9896,3840.0553,3761.2319,3833.0572,25815180558,843381507019.1500,1.453028
2026-05-08,3792.0425,3840.1564,3787.1736,3796.1283,24924292682,787340109163.2700,-0.963432
2026-05-11,3829.6077,3937.8741,3797.4979,3928.9739,27924567028,931590731570.8900,3.499502
2026-05-12,3947.1370,3954.9915,3897.8172,3934.8820,26003913074,845613430581.3500,0.150373
2026-05-13,3900.7367,4041.9890,3893.8032,4038.3327,25913345381,866979827777.0700,2.629067
2026-05-14,4087.8506,4090.4223,3937.6007,3951.1404,26220077583,893930747716.1400,-2.159116
2026-05-15,3957.7375,4002.7267,3870.3736,3929.0642,25683564909,882598831814.9200,-0.558730
